breach_date	data_class	total_number_of_affected_accounts
2015-03-01	Email addresses	18000935
2015-03-01	IP addresses	18000935
2015-03-01	Names	14936670
2015-03-01	Passwords	18000935
2015-03-01	Usernames	3064265
2015-03-01	Dates of birth	999991
2020-03-22	Email addresses	8661578
2020-03-22	IP addresses	8661578
2020-03-22	Names	8661578
2020-03-22	Passwords	8661578
2020-03-22	Phone numbers	8661578
2020-03-22	Physical addresses	8661578
2020-03-22	Usernames	8661578
2012-01-01	Email addresses	120901801
2012-01-01	Passwords	120901801
2012-01-01	Names	93338602
2012-01-01	Phone numbers	93338602
2016-04-19	Device information	4009640
2016-04-19	Email addresses	4009640
2016-04-19	IP addresses	4009640
2016-04-19	Passwords	4009640
2016-04-19	Usernames	4009640
2011-12-28	Email addresses	7485802
2011-12-28	Passwords	7485802
2011-12-28	Usernames	7485802
2018-02-19	Email addresses	80115532
2018-02-19	Passwords	80115532
2017-12-20	Email addresses	17706
2017-12-20	Passwords	17706
2017-12-20	Usernames	17706
2018-07-05	Dates of birth	14867999
2018-07-05	Email addresses	14867999
2018-07-05	Genders	14867999
2018-07-05	Geographic locations	14867999
2018-07-05	Names	14867999
2018-07-05	Passwords	14867999
2018-07-05	Usernames	14867999
2011-01-01	Email addresses	64339511
2011-01-01	Passwords	64339511
2011-01-01	Usernames	11761328
2018-07-01	Email addresses	18615202
2018-07-01	Genders	15025407
2018-07-01	Geographic locations	15025407
2018-07-01	IP addresses	18615202
2018-07-01	Names	18615202
2018-07-01	Passwords	18615202
2018-07-01	Phone numbers	3589795
2017-06-27	Email addresses	17979961
2017-06-27	Passwords	17979961
2015-11-01	Email addresses	23057462
2015-11-01	IP addresses	23057462
2015-11-01	Passwords	23057462
2015-11-01	Usernames	23057462
2016-07-01	Email addresses	5303897
2016-07-01	IP addresses	2702439
2016-07-01	Passwords	5193542
2016-07-01	Usernames	5193542
2016-07-01	Device information	110355
2016-07-01	Names	110355
2016-07-01	Phone numbers	110355
2016-07-01	Physical addresses	110355
2016-07-01	Purchases	110355
2016-07-01	Dates of birth	3160687
2014-11-25	Dates of birth	432943
2014-11-25	Email addresses	432943
2014-11-25	IP addresses	432943
2014-11-25	Passwords	432943
2014-11-25	Usernames	432943
2018-11-05	Email addresses	9363740
2018-11-05	Employers	9363740
2018-11-05	Job titles	9363740
2018-11-05	Names	9363740
2018-11-05	Phone numbers	9363740
2018-11-05	Physical addresses	9363740
2018-11-05	Social media profiles	9363740
2013-10-04	Email addresses	152445165
2013-10-04	Password hints	152445165
2013-10-04	Passwords	152445165
2013-10-04	Usernames	152445165
2015-05-21	Dates of birth	3867997
2015-05-21	Email addresses	3867997
2015-05-21	Genders	3867997
2015-05-21	Geographic locations	3867997
2015-05-21	IP addresses	3867997
2015-05-21	Races	3867997
2015-05-21	Relationship statuses	3867997
2015-05-21	Sexual orientations	3867997
2015-05-21	Spoken languages	3867997
2015-05-21	Usernames	3867997
2016-10-16	Email addresses	169746810
2016-10-16	Passwords	169746810
2016-10-16	Spoken languages	169746810
2016-10-16	Usernames	169746810
2018-05-30	Dates of birth	186082
2018-05-30	Email addresses	186082
2018-05-30	Names	186082
2018-05-30	Passwords	186082
2018-04-01	Email addresses	2277507
2018-04-01	Employers	66308
2018-04-01	Job titles	66308
2018-04-01	Names	1146278
2018-04-01	Passwords	2277507
2018-04-01	Phone numbers	66308
2018-04-01	Physical addresses	66308
2018-04-01	IP addresses	2211199
2018-04-01	Usernames	1131229
2019-09-24	Email addresses	90478
2019-09-24	IP addresses	90478
2019-09-24	Passwords	90478
2019-09-24	Usernames	90478
2013-05-30	Email addresses	180468
2013-05-30	Genders	180468
2013-05-30	Geographic locations	180468
2013-05-30	IP addresses	180468
2013-05-30	Partial dates of birth	180468
2013-05-30	Passwords	180468
2013-05-30	Usernames	180468
2013-05-30	Website activity	180468
2017-12-05	Address book contacts	20580060
2017-12-05	Apps installed on devices	20580060
2017-12-05	Cellular network names	20580060
2017-12-05	Dates of birth	20580060
2017-12-05	Device information	20580060
2017-12-05	Email addresses	20648033
2017-12-05	Genders	20580060
2017-12-05	Geographic locations	20580060
2017-12-05	IMEI numbers	20580060
2017-12-05	IMSI numbers	20580060
2017-12-05	IP addresses	20580060
2017-12-05	Names	20580060
2017-12-05	Phone numbers	20580060
2017-12-05	Profile photos	20580060
2017-12-05	Social media profiles	20580060
2017-12-05	Passwords	67973
2016-09-27	Email addresses	6496778
2016-09-27	Passwords	6496778
2018-12-13	Dates of birth	266399
2018-12-13	Education levels	266399
2018-12-13	Email addresses	23432192
2018-12-13	Genders	266399
2018-12-13	Geographic locations	266399
2018-12-13	Job applications	266399
2018-12-13	Marital statuses	266399
2018-12-13	Names	23432192
2018-12-13	Nationalities	266399
2018-12-13	Passwords	23432192
2018-12-13	Phone numbers	266399
2018-12-13	Profile photos	266399
2018-12-13	IP addresses	23165793
2018-12-13	Physical addresses	23165793
2016-07-19	Email addresses	917461
2016-07-19	Email messages	917461
2015-11-07	Email addresses	297806
2015-11-07	Passwords	297806
2011-10-30	Dates of birth	745355
2011-10-30	Email addresses	745355
2011-10-30	Homepage URLs	745355
2011-10-30	Instant messenger identities	745355
2011-10-30	IP addresses	745355
2011-10-30	Passwords	745355
2020-10-12	Dates of birth	7104998
2020-10-12	Email addresses	7104998
2020-10-12	Genders	7104998
2020-10-12	IP addresses	7104998
2020-10-12	Names	7104998
2020-10-12	Passwords	7104998
2020-10-12	Physical addresses	7104998
2020-10-12	Usernames	7104998
2020-02-27	Email addresses	1431378
2020-02-27	Passwords	1431378
2020-02-27	Usernames	1431378
2016-01-01	Dates of birth	442094
2016-01-01	Email addresses	10704752
2016-01-01	IP addresses	3615357
2016-01-01	Passwords	10704752
2016-01-01	Usernames	10704752
2018-07-10	Dates of birth	22437749
2018-07-10	Email addresses	22437749
2018-07-10	Geographic locations	22437749
2018-07-10	Names	22437749
2018-07-10	Passwords	22437749
2016-12-16	Email addresses	457978969
2016-12-16	Passwords	457978969
2016-12-16	IP addresses	16431
2016-12-16	Private messages	16431
2016-12-16	Usernames	16431
2016-12-16	Website activity	16431
2018-07-23	Email addresses	125929660
2018-07-23	Employers	125929660
2018-07-23	Geographic locations	125929660
2018-07-23	Job titles	125929660
2018-07-23	Names	125929660
2018-07-23	Phone numbers	125929660
2018-07-23	Salutations	125929660
2018-07-23	Social media profiles	125929660
2017-03-25	Ages	49681
2017-03-25	Auth tokens	49681
2017-03-25	Email addresses	371601
2017-03-25	Employment statuses	49681
2017-03-25	Genders	371601
2017-03-25	IP addresses	371601
2017-03-25	Marital statuses	49681
2017-03-25	Names	371601
2017-03-25	Passwords	49681
2017-03-25	Physical addresses	371601
2017-03-25	Private messages	49681
2017-03-25	Social media profiles	49681
2017-03-25	Dates of birth	321920
2017-03-25	Health insurance information	321920
2017-03-25	Personal health data	321920
2017-03-25	Phone numbers	321920
2017-03-25	Security questions and answers	321920
2017-03-25	Social connections	321920
2020-06-22	Email addresses	32533810
2020-06-22	Employers	5888405
2020-06-22	IP addresses	26718822
2020-06-22	Names	31089181
2020-06-22	Passwords	32533810
2020-06-22	Phone numbers	10663608
2020-06-22	Genders	20425573
2020-06-22	Dates of birth	10590191
2020-06-22	Password strengths	5814988
2020-06-22	Usernames	1444629
2020-04-13	Browser user agent details	20012235
2020-04-13	Email addresses	20012235
2020-04-13	IP addresses	20012235
2020-04-13	Names	20012235
2020-04-13	Passwords	20012235
2019-01-01	Bios	10604307
2019-01-01	Dates of birth	10604307
2019-01-01	Email addresses	10604307
2019-01-01	Genders	10604307
2019-01-01	Geographic locations	10604307
2019-01-01	IP addresses	10604307
2019-01-01	Passwords	10604307
2019-01-01	Usernames	10604307
2016-05-18	Avatars	1531235
2016-05-18	Email addresses	1531235
2016-05-18	Geographic locations	1531235
2016-05-18	IP addresses	1531235
2016-05-18	Names	1531235
2016-05-18	Passwords	1531235
2016-05-18	Usernames	1531235
2016-05-18	Website activity	1531235
2019-06-19	Email addresses	157692
2019-06-19	Names	157692
2019-06-19	Passwords	157692
2019-06-19	Salutations	157692
2019-06-19	Usernames	157692
2015-07-19	Dates of birth	30811934
2015-07-19	Email addresses	30811934
2015-07-19	Ethnicities	30811934
2015-07-19	Genders	30811934
2015-07-19	Names	30811934
2015-07-19	Passwords	30811934
2015-07-19	Payment histories	30811934
2015-07-19	Phone numbers	30811934
2015-07-19	Physical addresses	30811934
2015-07-19	Security questions and answers	30811934
2015-07-19	Sexual orientations	30811934
2015-07-19	Usernames	30811934
2015-07-19	Website activity	30811934
2013-12-19	Email addresses	5788
2013-12-19	Instant messenger identities	5788
2013-12-19	IP addresses	5788
2013-12-19	Names	5788
2013-12-19	Passwords	5788
2013-12-19	Private messages	5788
2013-12-19	Usernames	5788
2013-12-19	Website activity	5788
2015-12-06	Email addresses	1436486
2015-12-06	IP addresses	1436486
2015-12-06	Passwords	1436486
2015-12-06	Usernames	1436486
2015-12-06	Website activity	1436486
2018-08-25	Account balances	261463
2018-08-25	Email addresses	261463
2018-08-25	Names	261463
2018-08-25	Phone numbers	261463
2019-08-14	Dates of birth	2743539
2019-08-14	Driver's licenses	2743539
2019-08-14	Email addresses	2743539
2019-08-14	Names	2743539
2019-08-14	Phone numbers	2743539
2019-08-14	Physical addresses	2743539
2019-08-14	Social security numbers	2743539
2019-08-14	Vehicle details	2743539
2018-02-04	Email addresses	143717
2018-02-04	Passwords	143717
2014-05-26	Email addresses	422959
2014-05-26	Passwords	422959
2014-05-26	Usernames	422959
2017-07-18	Email addresses	105059554
2017-07-18	Employers	105059554
2017-07-18	Job titles	105059554
2017-07-18	Names	105059554
2017-07-18	Phone numbers	105059554
2017-07-18	Physical addresses	105059554
2008-10-24	Email addresses	846742
2008-10-24	Passwords	846742
2013-06-01	Dates of birth	112005531
2013-06-01	Email addresses	112005531
2013-06-01	Genders	112005531
2013-06-01	Names	112005531
2013-06-01	Passwords	112005531
2013-06-01	Usernames	112005531
2018-12-29	Email addresses	213415
2018-12-29	Passwords	213415
2011-06-26	Passwords	530270
2011-06-26	Usernames	530270
2015-11-11	Beauty ratings	1100089
2015-11-11	Car ownership statuses	1100089
2015-11-11	Dates of birth	1100089
2015-11-11	Drinking habits	1100089
2015-11-11	Education levels	1100089
2015-11-11	Email addresses	1100089
2015-11-11	Genders	1100089
2015-11-11	Geographic locations	1100089
2015-11-11	Home ownership statuses	1100089
2015-11-11	Income levels	1100089
2015-11-11	IP addresses	1100089
2015-11-11	Job titles	1100089
2015-11-11	Names	1100089
2015-11-11	Passwords	1100089
2015-11-11	Personal descriptions	1100089
2015-11-11	Personal interests	1100089
2015-11-11	Physical attributes	1100089
2015-11-11	Sexual orientations	1100089
2015-11-11	Smoking habits	1100089
2015-11-11	Website activity	1100089
2014-02-01	Credit cards	20902
2014-02-01	Genders	20902
2014-02-01	Passwords	20902
2014-02-01	Usernames	20902
2017-05-15	Email addresses	2231256
2017-05-15	Geographic locations	2231256
2017-05-15	IP addresses	2231256
2017-05-15	Job titles	2231256
2017-05-15	Names	2231256
2017-05-15	Passwords	2231256
2017-05-15	Phone numbers	2231256
2017-05-15	Spoken languages	2231256
2017-05-15	Survey results	2231256
2017-05-15	Usernames	2231256
2018-03-19	Dates of birth	3204
2018-03-19	Email addresses	3204
2018-03-19	Genders	3204
2018-03-19	Geographic locations	3204
2018-03-19	IP addresses	3204
2018-03-19	Passwords	3204
2018-03-19	Private messages	3204
2018-03-19	Usernames	3204
2020-10-14	Dates of birth	24500011
2020-10-14	Email addresses	24500011
2020-10-14	IP addresses	24500011
2020-10-14	Names	24500011
2020-10-14	Passwords	24500011
2020-10-14	Phone numbers	24500011
2020-10-14	Physical addresses	24500011
2014-04-03	Career levels	36789
2014-04-03	Education levels	36789
2014-04-03	Email addresses	36789
2014-04-03	Names	36789
2014-04-03	Passwords	36789
2014-04-03	Phone numbers	36789
2014-04-03	Physical addresses	36789
2014-04-03	Salutations	36789
2014-04-03	User website URLs	36789
2014-04-03	Website activity	36789
2014-09-01	Ages	1287073
2014-09-01	Email addresses	1790574
2014-09-01	Genders	1287073
2014-09-01	IP addresses	1790574
2014-09-01	Passwords	1790574
2014-09-01	Usernames	1790574
2016-12-02	Email addresses	3402
2016-12-02	Passwords	3402
2016-12-02	Private messages	3402
2016-12-02	Usernames	3402
2014-01-09	Email addresses	4789599
2014-01-09	Passwords	4789599
2015-05-22	Dates of birth	501407
2015-05-22	Email addresses	501407
2015-05-22	Genders	501407
2015-05-22	IP addresses	501407
2015-05-22	Passwords	501407
2015-05-22	Security questions and answers	501407
2015-05-22	Usernames	501407
2015-05-22	Website activity	501407
2014-05-08	Email addresses	9313136
2014-05-08	Passwords	9313136
2014-05-08	Usernames	9313136
2014-06-23	Dates of birth	777387
2014-06-23	Email addresses	777387
2014-06-23	Instant messenger identities	777387
2014-06-23	IP addresses	777387
2014-06-23	Passwords	777387
2014-06-23	Usernames	777387
2014-06-23	Website activity	777387
2019-07-14	Device information	140029
2019-07-14	Email addresses	140029
2019-07-14	Genders	140029
2019-07-14	Geographic locations	140029
2019-07-14	IP addresses	140029
2019-07-14	Passwords	140029
2019-07-14	Usernames	140029
2018-12-28	Browser user agent details	7633234
2018-12-28	Email addresses	7633234
2018-12-28	IP addresses	7633234
2018-12-28	Passwords	7633234
2018-12-28	Purchases	7633234
2018-12-28	Usernames	7633234
2018-12-28	Website activity	7633234
2017-03-01	Email addresses	995274
2017-03-01	IP addresses	995274
2017-03-01	Passwords	995274
2017-03-01	Usernames	995274
2018-12-07	Email addresses	575437
2018-12-07	Passwords	575437
2020-08-14	Email addresses	2811929
2020-08-14	Historical passwords	2811929
2020-08-14	IP addresses	2811929
2020-08-14	Names	2811929
2020-08-14	Partial credit card data	2811929
2020-08-14	Passwords	2811929
2020-08-14	Phone numbers	2811929
2020-08-14	Physical addresses	2811929
2020-08-14	Purchases	2811929
2018-07-08	Dates of birth	3830916
2018-07-08	Email addresses	3830916
2018-07-08	Genders	3830916
2018-07-08	Geographic locations	3830916
2018-07-08	Names	3830916
2018-07-08	Passwords	3830916
2018-07-08	Usernames	3830916
2014-11-13	Email addresses	238373
2014-11-13	IP addresses	238373
2014-11-13	Passwords	238373
2014-11-13	Usernames	238373
2014-11-13	Website activity	238373
2014-03-29	Dates of birth	158093
2014-03-29	Email addresses	158093
2014-03-29	Geographic locations	158093
2014-03-29	Historical passwords	158093
2014-03-29	Instant messenger identities	158093
2014-03-29	IP addresses	158093
2014-03-29	Passwords	158093
2014-03-29	Private messages	158093
2014-03-29	User website URLs	158093
2014-03-29	Usernames	158093
2013-04-01	Email addresses	790724
2013-04-01	Passwords	790724
2013-04-01	Usernames	790724
2014-10-01	Account balances	568340
2014-10-01	Email addresses	568340
2014-10-01	IP addresses	568340
2014-10-01	Passwords	568340
2014-10-01	Usernames	568340
2014-10-01	Website activity	568340
2019-12-26	Dates of birth	444241
2019-12-26	Email addresses	444241
2019-12-26	Financial transactions	444241
2019-12-26	Geographic locations	444241
2019-12-26	IP addresses	444241
2019-12-26	Names	444241
2019-12-26	Usernames	444241
2017-10-23	Email addresses	13369666
2017-10-23	IP addresses	13369666
2017-10-23	Names	13369666
2017-10-23	Passwords	13369666
2017-10-23	Usernames	13369666
2019-07-15	Email addresses	471167
2019-07-15	Names	471167
2019-07-15	Phone numbers	471167
2019-07-15	Physical addresses	471167
2019-07-15	Taxation records	471167
2014-04-25	Email addresses	26596
2014-04-25	Names	26596
2014-04-25	Passwords	26596
2014-04-25	Usernames	26596
2014-04-25	Website activity	26596
2014-04-10	Email addresses	2628148
2014-04-10	Passwords	2628148
2019-02-20	Email addresses	23257913
2019-02-20	Names	23205290
2019-02-20	Passwords	23257913
2019-02-20	Phone numbers	23205290
2019-02-20	Physical addresses	23205290
2019-02-20	Usernames	52623
2014-02-05	Dates of birth	227746
2014-02-05	Email addresses	227746
2014-02-05	Geographic locations	227746
2014-02-05	Historical passwords	227746
2014-02-05	Instant messenger identities	227746
2014-02-05	IP addresses	227746
2014-02-05	Passwords	227746
2014-02-05	Private messages	227746
2014-02-05	Usernames	227746
2014-02-05	Website activity	227746
2019-05-24	Email addresses	137272116
2019-05-24	Geographic locations	137272116
2019-05-24	Names	137272116
2019-05-24	Passwords	137272116
2019-05-24	Usernames	137272116
2021-03-18	Email addresses	297744
2021-03-18	IP addresses	297744
2021-03-18	Passwords	297744
2021-03-18	Usernames	297744
2016-11-17	Email addresses	6844490
2016-11-17	Names	6844490
2016-11-17	Passwords	6844490
2016-11-17	Physical addresses	6844490
2020-03-01	Email addresses	1173012
2020-03-01	Names	1173012
2020-03-01	Passwords	1173012
2020-03-01	Usernames	1173012
2016-03-01	Email addresses	1871373
2016-03-01	Passwords	1871373
2016-03-01	Usernames	1871373
2020-03-26	Email addresses	2520441
2020-03-26	Names	2520441
2020-03-26	Passwords	2520441
2020-03-26	Phone numbers	2520441
2020-03-26	Social media profiles	2520441
2015-07-01	Email addresses	3383291
2015-07-01	IP addresses	980855
2015-07-01	Passwords	3471969
2015-07-01	Usernames	3383291
2015-07-01	Dates of birth	2549465
2015-07-01	Bank account numbers	88678
2015-07-01	Customer feedback	88678
2015-07-01	Financial transactions	88678
2015-07-01	Genders	88678
2015-07-01	Geographic locations	88678
2015-07-01	Government issued IDs	88678
2015-07-01	Marital statuses	88678
2015-07-01	Names	88678
2015-07-01	Phone numbers	88678
2015-07-01	Physical addresses	88678
2015-07-01	PINs	88678
2015-07-01	Security questions and answers	88678
2015-07-01	Spoken languages	88678
2018-04-28	Email addresses	40485484
2018-04-28	Names	39721127
2018-04-28	Passwords	40485484
2018-04-28	Usernames	40485484
2018-04-28	IP addresses	764357
2020-10-05	Email addresses	444224
2020-10-05	Names	444224
2020-10-05	Phone numbers	444224
2020-10-05	Physical addresses	444224
2020-11-04	Email addresses	226883414
2020-11-04	Passwords	226883414
2021-02-05	Email addresses	110156
2021-02-05	Government issued IDs	110156
2021-02-05	Names	110156
2021-02-05	Passwords	110156
2011-07-10	Email addresses	7830195
2011-07-10	IP addresses	7830195
2011-07-10	Passwords	7830195
2011-07-10	Usernames	7830195
2011-07-10	Website activity	7830195
2016-07-14	Email addresses	1604957
2016-07-14	IP addresses	1604957
2016-07-14	Passwords	1604957
2016-07-14	Usernames	1604957
2015-08-23	Dates of birth	15074786
2015-08-23	Email addresses	15074786
2015-08-23	Genders	15074786
2015-08-23	IP addresses	15074786
2015-08-23	Names	15074786
2015-08-23	Passwords	15074786
2015-08-23	Phone numbers	15074786
2015-08-23	Physical addresses	15074786
2016-09-04	Account balances	2424784
2016-09-04	Dates of birth	2424784
2016-09-04	Email addresses	5897700
2016-09-04	Genders	2424784
2016-09-04	IP addresses	2424784
2016-09-04	Names	5897700
2016-09-04	Passwords	2424784
2016-09-04	Payment histories	2424784
2016-09-04	Payment methods	2424784
2016-09-04	Physical addresses	2424784
2016-09-04	Usernames	2424784
2016-09-04	Website activity	2424784
2017-01-01	Email addresses	422791436
2017-01-01	Family members' names	583503
2017-01-01	Passwords	29195081
2017-01-01	Dates of birth	1161744
2017-01-01	Usernames	28391945
2017-01-01	Website activity	1023466
2017-01-01	IP addresses	393596355
2017-01-01	Names	393779072
2017-01-01	Physical addresses	393596355
2017-01-01	Phone numbers	348763
2018-01-21	Email addresses	1688176
2018-01-21	IP addresses	1688176
2018-01-21	Passwords	1688176
2018-01-21	Usernames	1688176
2019-07-27	Email addresses	4007909
2019-07-27	IP addresses	4007909
2019-07-27	Passwords	4007909
2019-07-27	Usernames	4007909
2017-02-22	Email addresses	599802
2017-02-22	IP addresses	599802
2017-02-22	Passwords	599802
2017-02-22	Usernames	599802
2017-08-03	Email addresses	478824
2017-08-03	Passwords	478824
2017-08-03	Usernames	478824
2019-01-07	Email addresses	772904991
2019-01-07	Passwords	772904991
2015-11-08	Email addresses	616882
2015-11-08	Passwords	616882
2015-11-08	Physical addresses	616882
2016-03-27	Biometric data	228605
2016-03-27	Dates of birth	228605
2016-03-27	Email addresses	228605
2016-03-27	Family members' names	228605
2016-03-27	Genders	228605
2016-03-27	Job titles	228605
2016-03-27	Marital statuses	228605
2016-03-27	Names	228605
2016-03-27	Passport numbers	228605
2016-03-27	Phone numbers	228605
2016-03-27	Physical addresses	228605
2016-03-27	Physical attributes	228605
2014-02-08	Email addresses	11010525
2014-02-08	Passwords	11010525
2020-02-20	Email addresses	22802117
2020-02-20	Job titles	22802117
2020-02-20	Names	22802117
2020-02-20	Phone numbers	22802117
2020-02-20	Physical addresses	22802117
2020-02-20	Social media profiles	22802117
2013-09-09	Email addresses	19210
2013-09-09	IP addresses	19210
2013-09-09	Passwords	19210
2013-09-09	Usernames	19210
2013-09-09	Website activity	19210
2019-07-21	Email addresses	749161
2019-07-21	IP addresses	749161
2019-07-21	Passwords	749161
2019-07-21	Private messages	749161
2019-07-21	Usernames	749161
2018-05-01	Email addresses	758800
2018-05-01	IP addresses	758800
2018-05-01	Passwords	758800
2018-05-01	Usernames	758800
2017-01-19	Email addresses	942044
2017-01-19	Passwords	942044
2017-01-19	Usernames	942044
2016-08-08	Email addresses	17812459
2016-08-08	Passwords	17812459
2016-08-08	Usernames	17812459
2017-05-16	Email addresses	637340
2017-05-16	Passwords	637340
2017-05-16	Usernames	637340
2021-01-13	Email addresses	8032404
2021-01-13	IP addresses	8032404
2021-01-13	Passwords	8032404
2021-01-13	Usernames	8032404
2016-10-20	Email addresses	85176234
2016-10-20	Passwords	85176234
2016-10-20	Usernames	85176234
2018-01-01	Email addresses	2789543
2018-01-01	Names	464260
2018-01-01	Passwords	464260
2018-01-01	Phone numbers	464260
2018-01-01	Physical addresses	464260
2018-01-01	Geographic locations	2325283
2018-01-01	Usernames	2325283
2011-06-01	Email addresses	31032726
2011-06-01	Passwords	26183992
2011-06-01	Usernames	26183992
2011-06-01	Website activity	26183992
2015-12-01	Email addresses	3715380
2015-12-01	IP addresses	3536350
2015-12-01	Passwords	3715380
2015-12-01	Usernames	2583744
2018-11-14	Email addresses	44320330
2018-11-14	Employers	44320330
2018-11-14	IP addresses	44320330
2018-11-14	Job titles	44320330
2018-11-14	Names	44320330
2018-11-14	Phone numbers	44320330
2018-11-14	Physical addresses	44320330
2019-10-16	Email addresses	622161052
2019-10-16	Employers	622161052
2019-10-16	Geographic locations	622161052
2019-10-16	Job titles	622161052
2019-10-16	Names	622161052
2019-10-16	Phone numbers	622161052
2019-10-16	Social media profiles	622161052
2016-12-23	Buying preferences	8176132
2016-12-23	Charitable donations	8176132
2016-12-23	Credit status information	8176132
2016-12-23	Dates of birth	8176132
2016-12-23	Email addresses	8176132
2016-12-23	Family structure	8176132
2016-12-23	Financial investments	8176132
2016-12-23	Home ownership statuses	8176132
2016-12-23	Income levels	8176132
2016-12-23	Job titles	8176132
2016-12-23	Marital statuses	8176132
2016-12-23	Names	8176132
2016-12-23	Net worths	8176132
2016-12-23	Phone numbers	8176132
2016-12-23	Physical addresses	8176132
2016-12-23	Political donations	8176132
2017-01-30	Email addresses	760561
2017-01-30	Geographic locations	760561
2017-01-30	IP addresses	760561
2017-01-30	Names	760561
2017-01-30	Passwords	760561
2020-06-28	Dates of birth	2964182
2020-06-28	Email addresses	2964182
2020-06-28	Names	2964182
2020-06-28	Passwords	2964182
2020-06-28	Phone numbers	2964182
2020-06-28	Physical addresses	2964182
2020-06-28	Social security numbers	2964182
2021-03-14	Email addresses	4845378
2021-03-14	Names	4845378
2021-03-14	Partial credit card data	4845378
2021-03-14	Passwords	4845378
2021-03-14	Purchases	4845378
2019-02-03	Email addresses	1508
2019-02-03	Passwords	1508
2019-02-03	Private messages	1508
2014-08-10	Dates of birth	1383759
2014-08-10	Eating habits	1383759
2014-08-10	Email addresses	1383759
2014-08-10	IP addresses	1383759
2014-08-10	Names	1383759
2014-08-10	Passwords	1383759
2014-08-10	Physical attributes	1383759
2014-08-10	Usernames	1383759
2016-09-05	Email addresses	7687679
2016-09-05	Email messages	7687679
2016-09-05	IP addresses	7687679
2016-09-05	Names	7687679
2012-07-01	Email addresses	86199053
2012-07-01	Passwords	86199053
2012-07-01	Usernames	17551044
2016-07-31	Dates of birth	3264710
2016-07-31	Email addresses	3264710
2016-07-31	Names	3264710
2016-07-31	Passwords	3264710
2016-07-31	Usernames	3264710
2016-07-31	Website activity	3264710
2011-12-01	Email addresses	8718404
2011-12-01	Usernames	8718404
2014-06-13	Email addresses	648231
2014-06-13	Names	648231
2014-06-13	Passwords	648231
2014-06-13	Phone numbers	648231
2014-06-13	Physical addresses	648231
2021-03-24	Email addresses	22527655
2021-03-24	Names	22527655
2021-03-24	Phone numbers	22527655
2021-03-24	Physical addresses	22527655
2021-03-24	Purchases	22527655
2020-12-19	Email addresses	3675099
2020-12-19	Names	3675099
2020-12-19	Passwords	3675099
2020-12-19	Phone numbers	3675099
2020-12-19	Physical addresses	3675099
2020-12-19	Vehicle details	3675099
2020-07-02	Dates of birth	2479044
2020-07-02	Device information	2479044
2020-07-02	Email addresses	2479044
2020-07-02	IP addresses	2479044
2020-07-02	Names	2479044
2020-07-02	Passwords	2479044
2020-07-02	Phone numbers	2479044
2020-07-02	Physical addresses	2479044
2018-12-01	Email addresses	178467804
2018-12-01	Geographic locations	161749950
2018-12-01	Names	161749950
2018-12-01	Passwords	178467804
2018-12-01	Phone numbers	161749950
2018-12-01	Spoken languages	161749950
2018-12-01	Usernames	178467804
2017-03-29	Email addresses	6486626
2017-03-29	IP addresses	6486626
2017-03-29	Passwords	6486626
2017-03-29	Usernames	6486626
2013-04-02	Dates of birth	1580933
2013-04-02	Email addresses	1580933
2013-04-02	IP addresses	1580933
2013-04-02	Passwords	1580933
2013-04-02	Usernames	1580933
2013-04-02	Website activity	1580933
2020-06-19	Device information	3465259
2020-06-19	Email addresses	6851121
2020-06-19	Geographic locations	3465259
2020-06-19	IP addresses	6851121
2020-06-19	Names	6851121
2020-06-19	Phone numbers	6851121
2020-06-19	Passwords	3385862
2020-06-19	Physical addresses	3385862
2020-06-19	Usernames	3385862
2018-10-16	Email addresses	2789609
2018-10-16	Genders	2789609
2018-10-16	Names	2789609
2018-10-16	Passwords	2789609
2018-10-16	Phone numbers	2789609
2018-10-16	Social media profiles	2789609
2019-05-03	Dates of birth	6353564
2019-05-03	Email addresses	6353564
2019-05-03	Genders	6353564
2019-05-03	Names	6353564
2019-05-03	Partial credit card data	6353564
2019-05-03	Passwords	6353564
2019-05-03	Phone numbers	6353564
2019-05-03	Physical addresses	6353564
2019-05-03	Social media profiles	6353564
2017-05-11	Email addresses	44039707
2017-05-11	Passwords	44039707
2017-05-11	Usernames	43423561
2017-05-11	Names	616146
2009-01-01	Email addresses	5774783
2009-01-01	Employers	1291178
2009-01-01	Geographic locations	1291178
2009-01-01	Passwords	1291178
2009-01-01	Phone numbers	5774783
2009-01-01	Usernames	1291178
2009-01-01	Dates of birth	4483605
2009-01-01	IP addresses	4483605
2009-01-01	Names	4483605
2009-01-01	Physical addresses	4483605
2018-10-29	Email addresses	5788169
2018-10-29	Employers	5788169
2018-10-29	Names	5788169
2018-10-29	Physical addresses	5788169
2021-01-27	Email addresses	4324770
2021-01-27	Passwords	4324770
2016-08-11	Email addresses	781808
2016-08-11	Passwords	781808
2016-08-11	Usernames	781808
2019-09-01	Email addresses	173686322
2019-09-01	IP addresses	816662
2019-09-01	Passwords	173686322
2019-09-01	Usernames	173686322
2019-09-01	Phone numbers	172869660
2016-01-02	Email addresses	408795
2016-01-02	IP addresses	408795
2016-01-02	Passwords	408795
2016-01-02	Usernames	408795
2021-09-13	Email addresses	15003961
2021-09-13	Names	15003961
2021-09-13	Phone numbers	15003961
2021-09-13	Physical addresses	15003961
2021-09-13	Purchases	15003961
2015-06-01	Email addresses	1370175
2015-06-01	IP addresses	1370175
2015-06-01	Names	1370175
2015-06-01	Passwords	1370175
2015-06-01	Payment histories	1370175
2015-06-01	Phone numbers	1370175
2015-06-01	Physical addresses	1370175
2015-06-01	Usernames	1370175
2015-06-01	Website activity	1370175
2018-06-07	Email addresses	655161
2018-06-07	Passwords	655161
2016-09-07	Dates of birth	81830
2016-09-07	Deceased date	81830
2016-09-07	Email addresses	81830
2016-09-07	Genders	81830
2016-09-07	Government issued IDs	81830
2016-09-07	Names	81830
2016-09-07	Passport numbers	81830
2016-09-07	Passwords	81830
2016-09-07	Phone numbers	81830
2016-09-07	Physical addresses	81830
2016-09-07	Utility bills	81830
2019-08-11	Dates of birth	226095
2019-08-11	Email addresses	226095
2019-08-11	Geographic locations	226095
2019-08-11	Job applications	226095
2019-08-11	Names	226095
2019-08-11	Passwords	226095
2019-08-11	Phone numbers	226095
2019-08-11	Spoken languages	226095
2015-05-07	Dates of birth	435510
2015-05-07	Email addresses	435510
2015-05-07	Passwords	435510
2015-05-07	Usernames	435510
2019-03-23	Email addresses	871190
2019-03-23	IP addresses	871190
2019-03-23	Usernames	871190
2013-08-11	Dates of birth	100985047
2013-08-11	Email addresses	100985047
2013-08-11	Genders	100985047
2013-08-11	Names	100985047
2013-08-11	Passwords	100985047
2013-08-11	Phone numbers	100985047
2013-08-11	Physical addresses	100985047
2016-06-01	Email addresses	34167024
2016-06-01	IP addresses	30707726
2016-06-01	Passwords	31484374
2016-06-01	Usernames	31484374
2016-06-01	Dates of birth	1311610
2016-06-01	Genders	2682650
2016-06-01	Names	2682650
2016-06-01	Social connections	2682650
2016-06-01	Website activity	2682650
2018-06-01	Credit status information	131577763
2018-06-01	Dates of birth	131577763
2018-06-01	Education levels	131577763
2018-06-01	Email addresses	170664525
2018-06-01	Ethnicities	131577763
2018-06-01	Family structure	131577763
2018-06-01	Financial investments	131577763
2018-06-01	Genders	131577763
2018-06-01	Home ownership statuses	131577763
2018-06-01	Income levels	131577763
2018-06-01	IP addresses	151109583
2018-06-01	Marital statuses	131577763
2018-06-01	Names	151109583
2018-06-01	Net worths	131577763
2018-06-01	Occupations	131577763
2018-06-01	Personal interests	131577763
2018-06-01	Phone numbers	151109583
2018-06-01	Physical addresses	151109583
2018-06-01	Religions	131577763
2018-06-01	Spoken languages	131577763
2018-06-01	Geographic locations	19531820
2018-06-01	Passwords	58618582
2015-09-16	Credit status information	7196890
2015-09-16	Dates of birth	7196890
2015-09-16	Email addresses	7196890
2015-09-16	Ethnicities	7196890
2015-09-16	Family structure	7196890
2015-09-16	Genders	7196890
2015-09-16	Home ownership statuses	7196890
2015-09-16	Income levels	7196890
2015-09-16	IP addresses	7196890
2015-09-16	Names	7196890
2015-09-16	Phone numbers	7196890
2015-09-16	Physical addresses	7196890
2015-09-16	Purchasing habits	7196890
2020-08-19	Email addresses	1450668
2020-08-19	Employers	1284637
2020-08-19	Government issued IDs	1284637
2020-08-19	Names	1284637
2020-08-19	Occupations	1284637
2020-08-19	Phone numbers	1284637
2020-08-19	Passwords	166031
2016-10-13	Email addresses	593427119
2016-10-13	Passwords	593427119
2017-06-05	Dates of birth	396650
2017-06-05	Email addresses	396650
2017-06-05	Family structure	396650
2017-06-05	Genders	396650
2017-06-05	Names	396650
2017-06-05	Phone numbers	396650
2017-06-05	Physical addresses	396650
2017-06-05	Vehicle details	396650
2018-02-28	Bios	19611022
2018-02-28	Email addresses	19611022
2018-02-28	Names	19611022
2018-02-28	Passwords	19611022
2018-02-28	Usernames	19611022
2019-08-01	Dates of birth	509458528
2019-08-01	Email addresses	509458528
2019-08-01	Employers	509458528
2019-08-01	Genders	509458528
2019-08-01	Geographic locations	509458528
2019-08-01	Names	509458528
2019-08-01	Phone numbers	509458528
2019-08-01	Relationship statuses	509458528
2016-06-03	Dates of birth	342913
2016-06-03	Email addresses	342913
2016-06-03	IP addresses	342913
2016-06-03	Passwords	342913
2016-06-03	Usernames	342913
2013-01-01	Dates of birth	87633
2013-01-01	Email addresses	77536974
2013-01-01	Genders	87633
2013-01-01	Names	87633
2013-01-01	Passwords	77536974
2013-01-01	Phone numbers	77536974
2013-01-01	Usernames	77536974
2017-03-22	Email addresses	2461696
2017-03-22	Employers	2461696
2017-03-22	Phone numbers	2461696
2017-03-22	Physical addresses	2461696
2021-10-02	Email addresses	66479
2021-10-02	IP addresses	66479
2021-10-02	Names	66479
2021-10-02	Passwords	66479
2021-10-02	Purchases	66479
2021-10-02	Usernames	66479
2018-07-09	Browser user agent details	1279263
2018-07-09	Dates of birth	42239762
2018-07-09	Email addresses	42239762
2018-07-09	Genders	1279263
2018-07-09	IP addresses	1279263
2018-07-09	Names	42239762
2018-07-09	Passwords	42239762
2018-07-09	Phone numbers	1279263
2018-07-09	Physical addresses	1279263
2018-07-09	Purchases	1279263
2016-12-01	Email addresses	95364238
2016-12-01	Passwords	95364238
2016-12-01	Dates of birth	1116256
2016-12-01	Usernames	1116256
2020-01-01	Email addresses	1767270
2020-01-01	Passwords	645786
2020-01-01	Usernames	645786
2015-09-18	Email addresses	620677
2015-09-18	Passwords	620677
2015-09-18	Usernames	620677
2015-09-18	Website activity	620677
2016-02-01	Email addresses	1771845
2016-02-01	Passwords	1771845
2016-02-01	Usernames	1771845
2019-07-16	Dates of birth	1858124
2019-07-16	Email addresses	1858124
2019-07-16	IP addresses	1858124
2019-07-16	Passwords	1858124
2019-07-16	Usernames	1858124
2015-02-11	Email addresses	40256
2015-02-11	Government issued IDs	40256
2015-02-11	Physical addresses	40256
2011-03-10	Dates of birth	40767652
2011-03-10	Email addresses	40767652
2011-03-10	Genders	40767652
2011-03-10	Geographic locations	40767652
2011-03-10	IP addresses	40767652
2011-03-10	Passwords	40767652
2011-03-10	Phone numbers	40767652
2011-03-10	Sexual fetishes	40767652
2011-03-10	Sexual orientations	40767652
2011-03-10	Usernames	40767652
2011-03-10	Website activity	40767652
2018-02-12	Dates of birth	542902
2018-02-12	Email addresses	542902
2018-02-12	Names	542902
2018-02-12	Passwords	542902
2018-02-12	School grades (class levels)	542902
2018-02-12	Usernames	542902
2016-04-22	Email addresses	582578
2016-04-22	Names	582578
2016-04-22	Passwords	582578
2016-04-22	Phone numbers	582578
2016-04-22	Physical addresses	582578
2014-02-15	Email addresses	1057819
2014-02-15	Passwords	1057819
2014-02-15	User website URLs	1057819
2014-02-15	Usernames	1057819
2008-04-04	Account balances	252216
2008-04-04	Browser user agent details	252216
2008-04-04	Dates of birth	252216
2008-04-04	Email addresses	252216
2008-04-04	Genders	252216
2008-04-04	Names	252216
2008-04-04	Passwords	252216
2008-04-04	Phone numbers	252216
2008-04-04	Physical addresses	252216
2008-04-04	Usernames	252216
2008-04-04	Website activity	252216
2017-01-31	Email addresses	380830
2017-01-31	Passwords	380830
2017-01-31	Usernames	380830
2014-05-02	Email addresses	35368
2014-05-02	Passwords	35368
2014-05-02	Usernames	35368
2014-05-02	Website activity	35368
2016-05-17	Email addresses	1270564
2016-05-17	Passwords	1270564
2016-05-17	Usernames	1270564
2015-05-14	Email addresses	4261179
2015-05-14	Genders	4261179
2015-05-14	Geographic locations	4261179
2015-05-14	IP addresses	4261179
2015-05-14	Names	4261179
2015-05-14	Passwords	4261179
2015-05-14	Phone numbers	4261179
2015-05-14	Usernames	4261179
2015-05-14	Device usage tracking data	699793
2021-02-26	Avatars	66521
2021-02-26	Email addresses	66521
2021-02-26	Names	66521
2021-02-26	Passwords	66521
2021-02-26	Private messages	66521
2021-02-26	Usernames	66521
2015-10-23	Email addresses	1217166
2015-10-23	IP addresses	1217166
2015-10-23	Passwords	1217166
2015-10-23	Usernames	1217166
2019-02-24	Email addresses	1506242
2019-02-24	IP addresses	1506242
2019-02-24	Passwords	1506242
2019-02-24	Usernames	1506242
2012-03-01	Email addresses	8243604
2012-03-01	Passwords	8243604
2019-06-04	Email addresses	1408078
2019-06-04	Encrypted keys	1408078
2019-06-04	Mnemonic phrases	1408078
2019-06-04	Passwords	1408078
2010-12-11	Email addresses	1247574
2010-12-11	Passwords	1247574
2010-12-11	Usernames	1247574
2017-05-04	Email addresses	2481121
2017-05-04	Names	2481121
2017-05-04	Passwords	2481121
2017-05-04	Social media profiles	2481121
2016-08-15	Email addresses	1073164
2016-08-15	Geographic locations	1073164
2016-08-15	Names	1073164
2016-08-15	Professional skills	1073164
2016-08-15	Usernames	1073164
2016-08-15	Years of professional experience	1073164
2020-10-02	Email addresses	1301460
2020-10-02	Genders	1301460
2020-10-02	IP addresses	1301460
2020-10-02	Names	1301460
2020-10-02	Passwords	1301460
2020-10-02	Social media profiles	1301460
2016-10-10	Email addresses	22526334
2016-10-10	IP addresses	22526334
2016-10-10	Passwords	22526334
2016-10-10	Usernames	22526334
2020-03-27	Dates of birth	2330735
2020-03-27	Email addresses	3629386
2020-03-27	Genders	2330735
2020-03-27	Names	3629386
2020-03-27	Passwords	2330735
2020-03-27	Phone numbers	3629386
2020-03-27	Usernames	1298651
2015-10-24	Email addresses	3430083
2015-10-24	IP addresses	3430083
2015-10-24	Passwords	3430083
2015-10-24	Usernames	3430083
2018-10-21	Bank account numbers	242715
2018-10-21	Email addresses	242715
2018-10-21	IP addresses	242715
2018-10-21	Names	242715
2018-10-21	Partial credit card data	242715
2018-10-21	Passport numbers	242715
2018-10-21	Phone numbers	242715
2018-10-21	Physical addresses	242715
2018-10-21	Purchases	242715
2018-10-21	Security questions and answers	242715
2018-10-21	Social security numbers	242715
2007-07-12	Dates of birth	2136520
2007-07-12	Email addresses	2136520
2007-07-12	Genders	2136520
2007-07-12	IP addresses	2136520
2007-07-12	Names	2136520
2007-07-12	Passwords	2136520
2007-07-12	Physical addresses	2136520
2007-07-12	Security questions and answers	2136520
2007-07-12	Usernames	2136520
2007-07-12	Website activity	2136520
2016-08-01	Dates of birth	197184
2016-08-01	Email addresses	197184
2016-08-01	IP addresses	197184
2016-08-01	Passwords	197184
2016-08-01	Usernames	197184
2016-08-01	Website activity	197184
2016-04-01	Email addresses	143569
2016-04-01	IP addresses	143569
2016-04-01	Passwords	143569
2016-04-01	Usernames	143569
2021-07-17	Browser user agent details	112031
2021-07-17	Email addresses	112031
2021-07-17	Geographic locations	112031
2021-07-17	IP addresses	112031
2021-07-17	Names	112031
2021-07-17	Passwords	112031
2021-07-17	Phone numbers	112031
2021-07-17	Physical addresses	112031
2021-07-17	Salutations	112031
2011-06-25	Dates of birth	191540
2011-06-25	Email addresses	191540
2011-06-25	Instant messenger identities	191540
2011-06-25	IP addresses	191540
2011-06-25	Passwords	191540
2011-06-25	Social connections	191540
2011-06-25	Spoken languages	191540
2011-06-25	Time zones	191540
2011-06-25	User website URLs	191540
2011-06-25	Usernames	191540
2011-06-25	Website activity	191540
2015-07-06	Email addresses	285061
2015-07-06	Email messages	32310
2015-07-06	IP addresses	252751
2015-07-06	Passwords	252751
2015-07-06	Usernames	252751
2018-08-07	Dates of birth	28510459
2018-08-07	Email addresses	28510459
2018-08-07	Genders	28510459
2018-08-07	Geographic locations	28510459
2018-08-07	Names	28510459
2018-08-07	Passwords	28510459
2020-06-25	Email addresses	2444421
2020-06-25	Geographic locations	1369180
2020-06-25	Names	2444421
2020-06-25	Passwords	1369180
2020-06-25	Phone numbers	2444421
2020-06-25	Physical addresses	1075241
2015-07-08	Email addresses	47297
2015-07-08	Names	47297
2015-07-08	Passwords	47297
2015-07-08	Phone numbers	47297
2015-07-08	Physical addresses	47297
2011-12-21	Email addresses	5053549
2011-12-21	Genders	28641
2011-12-21	Nicknames	28641
2011-12-21	Partial dates of birth	28641
2011-12-21	Passwords	5053549
2011-12-21	Usernames	28641
2013-01-04	Browser user agent details	179967
2013-01-04	Email addresses	179967
2013-01-04	IP addresses	179967
2013-01-04	Usernames	179967
2013-01-04	Website activity	179967
2012-12-17	Email addresses	8089103
2012-12-17	Passwords	8089103
2012-12-17	Usernames	8089103
2014-01-01	Email addresses	21526813
2014-01-01	Passwords	21526813
2014-01-01	Usernames	19095703
2014-01-01	Geographic locations	4609615
2014-01-01	Phone numbers	4609615
2014-01-01	IP addresses	612414
2016-06-19	Email addresses	611070
2016-06-19	Names	611070
2016-06-19	Passwords	611070
2016-06-19	Usernames	611070
2016-06-19	Website activity	611070
2020-02-10	Email addresses	8815692
2020-02-10	Geographic locations	8815692
2020-02-10	IP addresses	8815692
2020-02-10	Names	8815692
2020-02-10	Partial credit card data	8815692
2020-02-10	Passwords	8815692
2020-02-10	Phone numbers	8815692
2019-10-10	Email addresses	2483812
2019-10-10	IP addresses	290955
2019-10-10	Passwords	2483812
2019-10-10	Usernames	2483812
2019-10-10	Dates of birth	2192857
2019-10-10	Genders	2192857
2019-10-10	Names	2192857
2019-10-10	Physical addresses	2192857
2017-12-30	Email addresses	45701
2017-12-30	IP addresses	45701
2017-12-30	Passwords	45701
2017-12-30	Website activity	45701
2018-05-23	Email addresses	48881308
2018-05-23	Geographic locations	48881308
2018-05-23	IP addresses	48881308
2018-05-23	Names	48881308
2018-05-23	Passwords	48881308
2018-05-23	Social media profiles	48881308
2018-05-23	Usernames	48881308
2020-01-04	Dates of birth	1488089
2020-01-04	Email addresses	1488089
2020-01-04	Historical passwords	1488089
2020-01-04	IP addresses	1488089
2020-01-04	Passwords	1488089
2020-01-04	Usernames	1488089
2018-08-24	Browser user agent details	411755
2018-08-24	Dates of birth	411755
2018-08-24	Email addresses	411755
2018-08-24	IP addresses	411755
2018-08-24	Names	411755
2018-08-24	Phone numbers	411755
2018-08-24	Physical addresses	411755
2018-08-24	Purchases	411755
2018-08-24	Usernames	411755
2019-03-14	Dates of birth	20727771
2019-03-14	Email addresses	20727771
2019-03-14	IP addresses	20727771
2019-03-14	Names	20727771
2019-03-14	Passwords	20727771
2019-03-14	Phone numbers	20727771
2019-03-14	Social media profiles	20727771
2016-07-15	Email addresses	2191565
2016-07-15	Passwords	2191565
2018-12-31	Dates of birth	4216063
2018-12-31	Email addresses	4216063
2018-12-31	Geographic locations	4216063
2018-12-31	IP addresses	4216063
2018-12-31	Job applications	4216063
2018-12-31	Job titles	4216063
2018-12-31	Names	4216063
2018-12-31	Passwords	4216063
2018-12-31	Phone numbers	4216063
2014-10-18	Email addresses	188847
2014-10-18	IP addresses	188847
2014-10-18	Passwords	188847
2014-10-18	Usernames	188847
2021-08-20	Email addresses	878209
2021-08-20	Genders	878209
2021-08-20	Names	878209
2021-08-20	Partial credit card data	878209
2021-08-20	Passwords	878209
2021-08-20	Phone numbers	878209
2021-08-20	Physical addresses	878209
2021-08-20	Purchases	878209
2021-08-20	Usernames	878209
2013-09-22	Email addresses	49467477
2013-09-22	IP addresses	49467477
2013-09-22	Passwords	49467477
2013-09-22	Usernames	49467477
2013-09-01	Email addresses	6783803
2013-09-01	Passwords	6783803
2013-09-01	Dates of birth	5033997
2013-09-01	Names	5033997
2013-09-01	Phone numbers	5033997
2013-09-01	Physical addresses	5033997
2013-09-01	PINs	5033997
2021-05-23	Email addresses	20154583
2021-05-23	Names	20154583
2021-05-23	Phone numbers	20154583
2021-05-23	Physical addresses	20154583
2019-10-28	Email addresses	583377
2019-10-28	Passwords	583377
2019-10-28	Usernames	583377
2014-07-22	Email addresses	104097
2014-07-22	Passwords	104097
2014-07-22	Usernames	104097
2014-07-22	Website activity	104097
2019-03-10	Email addresses	3073409
2019-03-10	Passwords	3073409
2015-11-04	Dates of birth	3439414
2015-11-04	Email addresses	9408197
2015-11-04	Geographic locations	3439414
2015-11-04	Names	3439414
2015-11-04	Passwords	9408197
2015-11-04	Usernames	9408197
2015-11-04	IP addresses	5968783
2015-11-04	Website activity	5968783
2019-01-03	Auth tokens	17204697
2019-01-03	Device information	17204697
2019-01-03	Email addresses	17204697
2019-01-03	Genders	17204697
2019-01-03	Names	17204697
2019-01-03	Passwords	17204697
2019-01-03	Phone numbers	17204697
2019-01-03	Salutations	17204697
2019-01-03	Social media profiles	17204697
2019-01-03	Usernames	17204697
2020-03-25	Email addresses	1541284
2020-03-25	Geographic locations	1541284
2020-03-25	Passwords	1541284
2020-08-11	Email addresses	9052457
2020-08-11	IP addresses	9052457
2020-08-11	Passwords	9052457
2020-08-11	Usernames	9052457
2018-02-01	Email addresses	154587354
2018-02-01	IP addresses	154587354
2018-02-01	Names	10981207
2018-02-01	Passwords	154587354
2018-02-01	Usernames	143606147
2012-03-07	Dates of birth	3883455
2012-03-07	Email addresses	3883455
2012-03-07	Genders	3883455
2012-03-07	Geographic locations	3883455
2012-03-07	Government issued IDs	3883455
2012-03-07	Marital statuses	3883455
2012-03-07	Names	3883455
2012-03-07	Nationalities	3883455
2012-03-07	Passwords	3883455
2012-03-07	Phone numbers	3883455
2012-03-07	Physical addresses	3883455
2012-03-07	Usernames	3883455
2018-01-30	Email addresses	2179398
2018-01-30	Names	2179398
2018-01-30	Passwords	2179398
2018-01-30	Payment histories	22477
2018-01-30	Usernames	22477
2018-01-30	Dates of birth	2156921
2018-01-30	Device information	2156921
2018-01-30	Genders	2156921
2018-01-30	IP addresses	2156921
2016-09-29	Dates of birth	24451312
2016-09-29	Email addresses	24451312
2016-09-29	Geographic locations	24451312
2016-09-29	Names	24451312
2018-09-11	Email addresses	41826763
2018-09-11	Passwords	41826763
2014-02-16	Email addresses	5176463
2014-02-16	Passwords	5176463
2015-05-01	Email addresses	957464
2015-05-01	IP addresses	957464
2015-05-01	Passwords	957464
2015-05-01	Usernames	957464
2019-09-10	Avatars	4606
2019-09-10	Dates of birth	4606
2019-09-10	Email addresses	4606
2019-09-10	IP addresses	4606
2019-09-10	Website activity	4606
2016-02-29	Dates of birth	30405271
2016-02-29	Email addresses	30405271
2016-02-29	Genders	30405271
2016-02-29	Geographic locations	28869798
2016-02-29	Recovery email addresses	1476783
2016-02-29	Security questions and answers	1476783
2016-02-29	Usernames	30405271
2016-02-29	Astrological signs	27393015
2016-02-29	Drinking habits	27393015
2016-02-29	Drug habits	27393015
2016-02-29	Education levels	27393015
2016-02-29	Ethnicities	27393015
2016-02-29	Fitness levels	27393015
2016-02-29	Income levels	27393015
2016-02-29	Job titles	27393015
2016-02-29	Names	28928488
2016-02-29	Parenting plans	27393015
2016-02-29	Passwords	27393015
2016-02-29	Personal descriptions	27393015
2016-02-29	Physical attributes	27393015
2016-02-29	Political views	27393015
2016-02-29	Relationship statuses	27393015
2016-02-29	Religions	27393015
2016-02-29	Sexual fetishes	27393015
2016-02-29	Travel habits	27393015
2016-02-29	Website activity	28928488
2016-02-29	Work habits	27393015
2016-02-29	Avatars	1535473
2016-02-29	Spoken languages	1535473
2016-04-12	Email addresses	1957600
2016-04-12	Email messages	1957600
2016-04-12	Genders	1957600
2016-04-12	Names	1957600
2016-04-12	Passwords	1957600
2016-04-12	Phone numbers	1957600
2016-04-12	Physical addresses	1957600
2018-09-05	Email addresses	808330
2018-09-05	Geographic locations	808330
2018-09-05	Names	808330
2018-09-05	Passwords	808330
2018-09-05	Usernames	808330
2020-06-23	Dates of birth	768890
2020-06-23	Email addresses	4964808
2020-06-23	Employers	768890
2020-06-23	Family structure	768890
2020-06-23	Genders	768890
2020-06-23	Income levels	768890
2020-06-23	Living costs	768890
2020-06-23	Marital statuses	768890
2020-06-23	Mothers maiden names	768890
2020-06-23	Names	4964808
2020-06-23	Phone numbers	4964808
2020-06-23	Physical addresses	768890
2020-06-23	Places of birth	768890
2020-06-23	Religions	768890
2020-06-23	Spouses names	768890
2020-06-23	Partial credit card data	4195918
2020-06-23	Passwords	4195918
2020-06-23	Profile photos	4195918
2018-07-28	Email addresses	45120
2018-07-28	Names	45120
2018-07-28	Passwords	45120
2018-07-28	Physical addresses	45120
2018-07-28	Usernames	45120
2012-03-22	Email addresses	37217682
2012-03-22	Passwords	37217682
2012-03-22	Usernames	37217682
2012-03-22	Website activity	37217682
2020-07-30	Email addresses	1107789
2020-07-30	Names	1107789
2020-07-30	Partial credit card data	1107789
2020-07-30	Passwords	1107789
2020-07-30	Phone numbers	1107789
2020-07-30	Physical addresses	1107789
2020-03-04	Email addresses	68693853
2020-03-04	Genders	68693853
2020-03-04	IP addresses	68693853
2020-03-04	Names	68693853
2020-03-04	Phone numbers	68693853
2020-03-04	Physical addresses	68693853
2012-06-11	Email addresses	339487
2012-06-11	Passwords	339487
2012-06-11	Usernames	339487
2016-09-10	Email addresses	5081689
2016-09-10	IP addresses	5081689
2016-09-10	Passwords	5081689
2016-09-10	Usernames	5081689
2016-09-10	Website activity	5081689
2019-02-28	Email addresses	3670561
2019-02-28	Passwords	3670561
2019-02-28	Usernames	3670561
2018-06-25	Dates of birth	30484
2018-06-25	Email addresses	30484
2018-06-25	Geographic locations	30484
2018-06-25	IP addresses	30484
2018-06-25	Passwords	30484
2018-06-25	Private messages	30484
2018-06-25	Usernames	30484
2021-03-08	Auth tokens	465141
2021-03-08	Dates of birth	465141
2021-03-08	Education levels	465141
2021-03-08	Email addresses	476929
2021-03-08	Geographic locations	465141
2021-03-08	IP addresses	476929
2021-03-08	Names	476929
2021-03-08	Passwords	465141
2021-03-08	Phone numbers	465141
2021-03-08	Private messages	465141
2021-03-08	Security questions and answers	465141
2021-03-08	Social media profiles	465141
2021-03-08	Usernames	465141
2021-03-08	Browser user agent details	11788
2021-03-08	Employers	11788
2021-03-08	Partial credit card data	11788
2021-03-08	Physical addresses	11788
2021-03-08	Purchases	11788
2012-05-05	Email addresses	164611595
2012-05-05	Passwords	164611595
2021-04-08	Education levels	125698496
2021-04-08	Email addresses	130921846
2021-04-08	Genders	130921846
2021-04-08	Geographic locations	125698496
2021-04-08	Job titles	125698496
2021-04-08	Names	130921846
2021-04-08	Social media profiles	125698496
2021-04-08	Dates of birth	5223350
2021-04-08	Nationalities	5223350
2021-04-08	Phone numbers	5223350
2021-04-08	Physical addresses	5223350
2016-02-21	Avatars	144989
2016-02-21	Dates of birth	144989
2016-02-21	Email addresses	144989
2016-02-21	Geographic locations	144989
2016-02-21	IP addresses	144989
2016-02-21	Passwords	144989
2016-02-21	Time zones	144989
2016-02-21	Website activity	144989
2020-08-29	Email addresses	269552
2020-08-29	Names	269552
2020-08-29	Phone numbers	269552
2020-08-29	Physical addresses	269552
2020-08-29	Purchases	269552
2020-08-29	Salutations	269552
2015-01-16	Email addresses	13451
2015-01-16	Passwords	13451
2015-01-16	Usernames	13451
2012-08-24	Dates of birth	1074948
2012-08-24	Email addresses	1074948
2012-08-24	IP addresses	1074948
2012-08-24	Names	1074948
2012-08-24	Passwords	1074948
2012-08-24	Usernames	1074948
2012-08-24	Website activity	1074948
2013-08-01	Dates of birth	1141278
2013-08-01	Email addresses	2066627
2013-08-01	IP addresses	2066627
2013-08-01	Passwords	2066627
2013-08-01	Usernames	2066627
2013-08-01	Website activity	1186296
2013-08-01	Names	45018
2013-08-01	Private messages	45018
2019-04-01	Auth tokens	15453048
2019-04-01	Email addresses	15453048
2019-04-01	Genders	15453048
2019-04-01	Names	15453048
2019-04-01	Passwords	15453048
2019-04-01	Spoken languages	15453048
2019-04-01	Usernames	15453048
2017-12-21	Email addresses	109202
2017-12-21	Passwords	109202
2017-12-21	Usernames	109202
2016-07-03	Dates of birth	326714
2016-07-03	Email addresses	326714
2016-07-03	IP addresses	326714
2016-07-03	Passwords	326714
2016-07-03	Usernames	326714
2015-10-31	Email addresses	93992
2015-10-31	Passwords	93992
2015-10-31	Usernames	93992
2014-09-10	Email addresses	16630988
2014-09-10	Passwords	16630988
2015-11-15	Email addresses	269548
2015-11-15	IP addresses	269548
2015-11-15	Passwords	269548
2015-11-15	Usernames	269548
2017-07-27	Email addresses	735405
2017-07-27	Names	735405
2017-07-27	Passwords	735405
2017-07-27	Phone numbers	735405
2014-11-15	Dates of birth	111623
2014-11-15	Email addresses	111623
2014-11-15	IP addresses	111623
2014-11-15	Passwords	111623
2014-11-15	Usernames	111623
2014-11-15	Website activity	111623
2014-06-09	Email addresses	855249
2014-06-09	Passwords	855249
2021-03-22	Email addresses	2987329
2021-03-22	IP addresses	2987329
2021-03-22	Passwords	2987329
2021-03-22	Usernames	2987329
2018-12-11	Email addresses	205242
2018-12-11	Geographic locations	205242
2018-12-11	Passwords	205242
2018-12-11	Usernames	205242
2020-06-01	Auth tokens	1414677
2020-06-01	Email addresses	1414677
2020-06-01	Genders	1414677
2020-06-01	Geographic locations	1414677
2020-06-01	IP addresses	1414677
2020-06-01	Names	1414677
2020-06-01	Partial dates of birth	1414677
2020-06-01	Social media profiles	1414677
2017-03-14	Dates of birth	2257930
2017-03-14	Deceased statuses	2257930
2017-03-14	Email addresses	2257930
2017-03-14	Employers	2257930
2017-03-14	Ethnicities	2257930
2017-03-14	Genders	2257930
2017-03-14	Government issued IDs	2257930
2017-03-14	Home ownership statuses	2257930
2017-03-14	Job titles	2257930
2017-03-14	Names	2257930
2017-03-14	Nationalities	2257930
2017-03-14	Phone numbers	2257930
2017-03-14	Physical addresses	2257930
2019-08-20	Email addresses	89388
2019-08-20	IP addresses	89388
2019-08-20	Names	89388
2019-08-20	Partial credit card data	89388
2019-08-20	Phone numbers	89388
2019-08-20	Salutations	89388
2020-01-13	Device information	25692862
2020-01-13	Email addresses	25692862
2020-01-13	Names	25692862
2020-01-13	Passwords	25692862
2020-01-13	Social media profiles	25692862
2016-10-27	Email addresses	119948
2016-10-27	IP addresses	119948
2016-10-27	Passwords	119948
2016-10-27	Usernames	119948
2016-10-27	Website activity	119948
2016-08-30	Email addresses	845012
2016-08-30	Email messages	845012
2016-08-30	IP addresses	845012
2016-08-30	Names	845012
2020-01-26	Dates of birth	1422717
2020-01-26	Drinking habits	1422717
2020-01-26	Drug habits	1422717
2020-01-26	Email addresses	2200486
2020-01-26	Genders	1422717
2020-01-26	Geographic locations	1422717
2020-01-26	IP addresses	1422717
2020-01-26	Marital statuses	1422717
2020-01-26	Names	2200486
2020-01-26	Passwords	2200486
2020-01-26	Physical attributes	1422717
2020-01-26	Religions	1422717
2020-01-26	Sexual orientations	1422717
2020-01-26	Smoking habits	1422717
2020-01-26	Social media profiles	2200486
2020-01-26	Usernames	1422717
2020-01-26	Bios	777769
2020-01-26	Phone numbers	777769
2019-07-25	Dates of birth	3081321
2019-07-25	Email addresses	3081321
2019-07-25	Names	3081321
2019-07-25	Phone numbers	3081321
2019-07-25	Physical addresses	3081321
2019-03-18	Dates of birth	28364826
2019-03-18	Email addresses	28364826
2019-03-18	Names	28364826
2015-05-24	Email addresses	16034
2015-05-24	IP addresses	16034
2015-05-24	Passwords	16034
2015-05-24	Usernames	16034
2016-01-15	Email addresses	71081
2016-01-15	IP addresses	71081
2016-01-15	Passwords	71081
2016-01-15	Usernames	71081
2015-06-28	Dates of birth	188343
2015-06-28	Email addresses	188343
2015-06-28	IP addresses	188343
2015-06-28	Passwords	188343
2015-06-28	Usernames	188343
2015-06-28	Website activity	188343
2019-05-17	Email addresses	396533
2019-05-17	Passwords	396533
2020-05-06	Email addresses	4418182
2020-05-06	Names	4418182
2020-05-06	Passwords	4418182
2020-05-06	Phone numbers	4418182
2020-05-06	Physical addresses	4418182
2020-12-20	Appointments	2660295
2020-12-20	Dates of birth	2660295
2020-12-20	Email addresses	2660295
2020-12-20	Genders	2660295
2020-12-20	Marital statuses	2660295
2020-12-20	Names	2660295
2020-12-20	Passwords	2660295
2020-12-20	Phone numbers	2660295
2020-12-20	Physical addresses	2660295
2020-01-06	Dates of birth	3512952
2020-01-06	Email addresses	3512952
2020-01-06	Genders	3512952
2020-01-06	Passwords	3512952
2020-01-06	Usernames	3512952
2016-10-08	Dates of birth	58843488
2016-10-08	Email addresses	58843488
2016-10-08	Genders	58843488
2016-10-08	IP addresses	58843488
2016-10-08	Job titles	58843488
2016-10-08	Names	58843488
2016-10-08	Phone numbers	58843488
2016-10-08	Physical addresses	58843488
2017-09-07	Email addresses	762874
2017-09-07	Genders	762874
2017-09-07	Geographic locations	762874
2017-09-07	Passwords	762874
2017-09-07	Phone numbers	762874
2018-10-10	Email addresses	2467304
2018-10-10	Names	2467304
2018-10-10	Passwords	2467304
2018-10-10	Phone numbers	2467304
2018-06-17	Email addresses	606637
2018-06-17	Names	606637
2018-06-17	Passwords	606637
2018-06-17	Physical addresses	606637
2018-06-17	Usernames	606637
2015-10-22	Email addresses	3122898
2015-10-22	IP addresses	3122898
2015-10-22	Passwords	3122898
2015-10-22	Usernames	3122898
2016-12-05	Dates of birth	366140
2016-12-05	Email addresses	366140
2016-12-05	IP addresses	366140
2016-12-05	Passwords	366140
2016-12-05	Social connections	366140
2016-12-05	Usernames	366140
2016-12-05	Website activity	366140
2014-02-17	Age groups	37784
2014-02-17	Email addresses	37784
2014-02-17	Employers	37784
2014-02-17	Names	37784
2014-02-17	Passwords	37784
2014-02-17	Phone numbers	37784
2014-02-17	Physical addresses	37784
2014-02-17	Website activity	37784
2016-06-24	Chat logs	149830
2016-06-24	Email addresses	149830
2016-06-24	Geographic locations	149830
2016-06-24	IP addresses	149830
2016-06-24	Passwords	149830
2016-06-24	Private messages	149830
2016-06-24	User statuses	149830
2016-06-24	Usernames	149830
2015-02-18	Credit status information	972629
2015-02-18	Email addresses	972629
2015-02-18	Home loan information	972629
2015-02-18	Income levels	972629
2015-02-18	IP addresses	972629
2015-02-18	Names	972629
2015-02-18	Passwords	972629
2015-02-18	Personal descriptions	972629
2015-02-18	Physical addresses	972629
2017-10-26	Email addresses	91991358
2017-10-26	Passwords	91991358
2008-07-01	Email addresses	359420698
2008-07-01	Passwords	359420698
2008-07-01	Usernames	359420698
2015-08-15	Email addresses	19863
2015-08-15	Passwords	19863
2015-08-15	Usernames	19863
2015-10-21	Dates of birth	287071
2015-10-21	Email addresses	287071
2015-10-21	Genders	287071
2015-10-21	Names	287071
2015-10-21	Passwords	287071
2015-10-21	Phone numbers	287071
2015-10-21	Physical addresses	287071
2015-10-21	Purchases	287071
2016-03-14	Dates of birth	1398630
2016-03-14	Email addresses	1398630
2016-03-14	IP addresses	1398630
2016-03-14	Passwords	1398630
2016-03-14	Usernames	1398630
2016-03-14	Website activity	1398630
2013-05-05	Dates of birth	26892897
2013-05-05	Email addresses	26892897
2013-05-05	Genders	26892897
2013-05-05	Geographic locations	26892897
2013-05-05	IP addresses	26892897
2013-05-05	Names	26892897
2013-05-05	Passwords	26892897
2013-05-05	Usernames	26892897
2015-10-19	Email addresses	234842089
2015-10-19	Passwords	234842089
2010-05-17	Account balances	3619948
2010-05-17	Dates of birth	3619948
2010-05-17	Email addresses	3619948
2010-05-17	Genders	3619948
2010-05-17	IP addresses	3619948
2010-05-17	Names	3619948
2010-05-17	Phone numbers	3619948
2010-05-17	Physical addresses	3619948
2010-05-17	Security questions and answers	3619948
2010-05-17	Website activity	3619948
2020-12-21	Dates of birth	1436435
2020-12-21	Email addresses	1436435
2020-12-21	IP addresses	1436435
2020-12-21	Names	1436435
2020-12-21	Passwords	1436435
2020-12-21	Phone numbers	1436435
2020-12-21	Physical addresses	1436435
2020-12-21	Usernames	1436435
2012-11-01	Email addresses	49038354
2012-11-01	Passwords	49038354
2016-09-01	Email addresses	33698126
2016-09-01	Employers	33698126
2016-09-01	Job titles	33698126
2016-09-01	Names	33698126
2016-09-01	Phone numbers	33698126
2016-09-01	Physical addresses	33698126
2017-12-07	Dates of birth	499836
2017-12-07	Email addresses	42317729
2017-12-07	Names	42317729
2017-12-07	Purchases	499836
2017-12-07	Genders	41817893
2017-12-07	Geographic locations	41817893
2017-12-07	Passwords	41817893
2017-12-07	Social media profiles	41817893
2017-12-07	Usernames	41817893
2017-12-07	Website activity	41817893
2014-04-22	Email addresses	1194597
2014-04-22	IP addresses	1194597
2014-04-22	Passwords	1194597
2014-04-22	Usernames	1194597
2013-07-22	Email addresses	5915013
2013-07-22	Passwords	5915013
2013-07-22	Usernames	5915013
2020-09-28	Email addresses	77159696
2020-09-28	Names	77159696
2020-09-28	Passwords	77159696
2013-05-21	Email addresses	75383
2013-05-21	IP addresses	75383
2013-05-21	Names	75383
2013-05-21	Passwords	75383
2013-05-21	Usernames	75383
2013-05-21	Website activity	75383
2020-05-20	Email addresses	43491
2020-05-20	IP addresses	43491
2020-05-20	Passwords	43491
2020-05-20	Private messages	43491
2020-05-20	Usernames	43491
2016-05-06	Dates of birth	599080
2016-05-06	Email addresses	599080
2016-05-06	IP addresses	599080
2016-05-06	Passwords	599080
2016-05-06	Private messages	599080
2016-05-06	Usernames	599080
2016-05-06	Website activity	599080
2021-02-12	Email addresses	10585
2018-12-26	Email addresses	4155579
2018-12-26	IP addresses	4155579
2018-12-26	Passwords	4155579
2018-12-26	Private messages	161143
2018-12-26	Usernames	161143
2018-12-26	Names	3994436
2018-12-26	Partial credit card data	3994436
2020-04-02	Email addresses	263189
2020-04-02	IP addresses	263189
2020-04-02	Passwords	263189
2020-04-02	Private messages	263189
2020-04-02	Usernames	263189
2017-08-28	Email addresses	711477622
2017-08-28	Passwords	711477622
2017-11-28	Avatars	512311
2017-11-28	Email addresses	512311
2017-11-28	IP addresses	512311
2017-11-28	Phone numbers	512311
2017-11-28	Physical addresses	512311
2017-11-28	Purchases	512311
2017-11-28	Social media profiles	512311
2017-11-28	Usernames	512311
2020-06-29	Dates of birth	270069942
2020-06-29	Email addresses	270069942
2020-06-29	Names	270069942
2020-06-29	Passwords	270069942
2020-06-29	Phone numbers	1304447
2020-06-29	Bios	268765495
2020-06-29	Genders	268765495
2020-06-29	Geographic locations	268765495
2020-06-29	IP addresses	268765495
2020-06-29	Social media profiles	268765495
2020-06-29	User website URLs	268765495
2020-06-29	Usernames	268765495
2019-05-07	Email addresses	41960
2019-05-07	Email messages	41960
2019-05-07	Geographic locations	41960
2019-05-07	Passwords	41960
2019-05-07	Phone numbers	41960
2021-01-20	Bank account numbers	1834006
2021-01-20	Dates of birth	1834006
2021-01-20	Email addresses	1834006
2021-01-20	Genders	1834006
2021-01-20	Names	1834006
2021-01-20	Partial credit card data	1834006
2021-01-20	Payment histories	1834006
2021-01-20	Phone numbers	1834006
2021-01-20	Physical addresses	1834006
2010-10-25	Account balances	590954
2010-10-25	Dates of birth	590954
2010-10-25	Email addresses	590954
2010-10-25	IP addresses	590954
2010-10-25	Names	590954
2010-10-25	Phone numbers	590954
2010-10-25	Physical addresses	590954
2010-10-25	Security questions and answers	590954
2010-10-25	Usernames	590954
2010-10-25	Website activity	590954
2021-03-21	Email addresses	20949825
2021-03-21	Licence plates	20949825
2021-03-21	Names	20949825
2021-03-21	Passwords	20949825
2021-03-21	Phone numbers	20949825
2015-10-01	Email addresses	2330382
2015-10-01	Passwords	2330382
2015-10-01	Payment histories	2330382
2015-10-01	Physical addresses	2330382
2015-10-01	Private messages	2330382
2015-10-01	Website activity	2330382
2016-12-15	Browser user agent details	400260
2016-12-15	Email addresses	400260
2016-12-15	IP addresses	400260
2016-12-15	Names	400260
2016-12-15	Partial credit card data	400260
2016-12-15	Passwords	400260
2016-12-15	Phone numbers	400260
2016-12-15	Website activity	400260
2019-01-20	Email addresses	4227907
2019-01-20	Names	4227907
2019-01-20	Passwords	4227907
2018-04-02	Email addresses	110964206
2018-04-02	Passwords	110964206
2020-12-16	Dates of birth	358822
2020-12-16	Email addresses	358822
2020-12-16	Names	358822
2020-12-16	Passwords	358822
2020-12-16	Phone numbers	358822
2020-12-16	Physical addresses	358822
2017-12-09	Email addresses	990919
2017-12-09	Passwords	990919
2015-10-27	Dates of birth	173891
2015-10-27	Email addresses	173891
2015-10-27	IP addresses	173891
2015-10-27	Passwords	173891
2015-10-27	Usernames	173891
2015-10-27	Website activity	173891
2013-12-04	Email addresses	38108
2013-12-04	Passwords	38108
2020-10-07	Email addresses	1906808
2020-10-07	Geographic locations	1906808
2020-10-07	Names	1906808
2020-10-07	Passwords	1906808
2020-10-07	Social media profiles	1906808
2019-07-01	Email addresses	4430115
2019-07-01	IP addresses	624252
2019-07-01	Passwords	4430115
2019-07-01	Usernames	4430115
2015-07-02	Email addresses	327314
2015-07-02	IP addresses	327314
2015-07-02	Passwords	327314
2015-07-02	Usernames	327314
2018-10-12	Dates of birth	3225080
2018-10-12	Device information	3225080
2018-10-12	Email addresses	3225080
2018-10-12	Genders	3225080
2018-10-12	IP addresses	3225080
2018-10-12	Names	3225080
2018-10-12	Passwords	3225080
2018-10-12	Social media profiles	3225080
2018-10-12	Usernames	3225080
2015-07-28	Email addresses	657001
2015-07-28	IP addresses	657001
2015-07-28	Passwords	657001
2015-07-28	Time zones	657001
2015-07-28	Usernames	657001
2015-07-28	Website activity	657001
2014-08-08	Email addresses	116465
2014-08-08	Genders	116465
2014-08-08	IP addresses	116465
2014-08-08	Passwords	116465
2014-08-08	Usernames	116465
2014-08-08	Website activity	116465
2016-10-01	Email addresses	830155
2016-10-01	IP addresses	830155
2016-10-01	Passwords	830155
2014-07-01	Email addresses	709926
2014-07-01	IP addresses	709926
2014-07-01	Passwords	709926
2014-07-01	Usernames	709926
2018-05-16	Email addresses	36395491
2018-05-16	Genders	36395491
2018-05-16	Geographic locations	36395491
2018-05-16	Names	36395491
2018-05-16	Passwords	36395491
2018-05-16	Usernames	36395491
2020-06-26	Email addresses	444453
2020-06-26	Names	444453
2020-06-26	Passwords	444453
2020-06-26	Phone numbers	444453
2020-06-26	Physical addresses	444453
2020-06-26	Usernames	444453
2019-08-03	Email addresses	1277761
2019-08-03	Names	1277761
2015-09-25	Email addresses	3029184
2015-09-25	IP addresses	3029184
2015-09-25	Passwords	3029184
2015-09-25	Usernames	3029184
2015-02-01	Email addresses	773670
2015-02-01	IP addresses	773670
2015-02-01	Passwords	773670
2015-02-01	Usernames	773670
2014-03-18	Email addresses	48592
2014-03-18	IP addresses	48592
2014-03-18	Passwords	48592
2014-03-18	Private messages	48592
2014-03-18	Usernames	48592
2014-03-18	Website activity	48592
2015-12-14	Dates of birth	4907802
2015-12-14	Email addresses	4907802
2015-12-14	IP addresses	4907802
2015-12-14	Passwords	4907802
2015-12-14	Usernames	4907802
2015-12-14	Website activity	4907802
2014-03-01	Email addresses	91436280
2014-03-01	Passwords	91436280
2014-03-01	Usernames	91436280
2016-11-19	Email addresses	7445067
2016-11-19	Employers	7445067
2016-11-19	Job titles	7445067
2016-11-19	Names	7445067
2016-11-19	Phone numbers	7445067
2021-01-31	Browser user agent details	938981
2021-01-31	Email addresses	938981
2021-01-31	IP addresses	938981
2021-01-31	Names	938981
2021-01-31	Passwords	938981
2018-08-06	Email addresses	149958
2018-08-06	Names	149958
2018-08-06	Passwords	149958
2016-09-06	Email addresses	7793570
2016-09-06	Names	307768
2016-09-06	Phone numbers	307768
2016-09-06	Physical addresses	307768
2016-09-06	Passwords	7485802
2016-09-06	Usernames	7485802
2016-05-20	Browser user agent details	104977
2016-05-20	Credit card CVV	104977
2016-05-20	Email addresses	104977
2016-05-20	IP addresses	104977
2016-05-20	Names	104977
2016-05-20	Partial credit card data	104977
2016-05-20	Phone numbers	104977
2016-05-20	Physical addresses	104977
2016-05-20	Purchases	104977
2021-09-11	Browser user agent details	72596
2021-09-11	Email addresses	72596
2021-09-11	Geographic locations	72596
2021-09-11	IP addresses	72596
2021-09-11	Names	72596
2017-02-23	Email addresses	71153
2017-02-23	Passwords	71153
2016-05-09	Email addresses	1160056
2016-05-09	IP addresses	107303
2016-05-09	Passwords	1160056
2016-05-09	Usernames	1160056
2018-09-18	Email addresses	2457420
2018-09-18	Genders	2457420
2018-09-18	Names	2457420
2018-09-18	Physical addresses	2457420
2015-04-14	Dates of birth	32939105
2015-04-14	Email addresses	32939105
2015-04-14	Genders	32939105
2015-04-14	IP addresses	32939105
2015-04-14	Names	32939105
2015-04-14	Physical addresses	32939105
2015-07-12	Email addresses	281924
2015-07-12	Passwords	281924
2015-07-12	Usernames	281924
2017-01-09	Dates of birth	780073
2017-01-09	Email addresses	780073
2017-01-09	Ethnicities	780073
2017-01-09	Genders	780073
2017-01-09	Names	780073
2017-01-09	Physical attributes	780073
2020-09-17	Email addresses	20529819
2020-09-17	Geographic locations	20529819
2020-09-17	Names	20529819
2020-09-17	Passwords	20529819
2020-09-17	Phone numbers	20529819
2021-06-26	Dates of birth	505466
2021-06-26	Email addresses	505466
2021-06-26	Genders	505466
2021-06-26	Names	505466
2021-06-26	Passwords	505466
2021-06-26	Phone numbers	505466
2021-06-26	Physical addresses	505466
2021-06-26	Social media profiles	505466
2021-06-26	Usernames	505466
2016-02-19	Email addresses	117070
2016-02-19	Passwords	117070
2016-02-19	Usernames	117070
2020-02-16	Email addresses	857611
2020-02-16	Names	857611
2020-02-16	Phone numbers	857611
2020-02-16	Physical addresses	857611
2020-02-16	Purchases	857611
2017-09-10	Email addresses	386489
2017-09-10	Genders	386489
2017-09-10	Geographic locations	386489
2017-09-10	Passwords	386489
2017-09-10	Usernames	386489
2017-09-10	Website activity	386489
2015-03-14	Email addresses	1410899
2015-03-14	IP addresses	1410899
2015-03-14	Passwords	1410899
2015-03-14	Usernames	1410899
2019-06-13	Email addresses	184823
2019-06-13	IP addresses	184823
2019-06-13	Passwords	184823
2019-06-13	Private messages	184823
2019-06-13	Usernames	184823
2018-11-03	Email addresses	14609
2018-11-03	IP addresses	14609
2018-11-03	Names	14609
2018-11-03	Passwords	14609
2018-11-03	Phone numbers	14609
2019-12-30	Email addresses	751700
2019-12-30	Names	751700
2019-12-30	Passwords	751700
2019-12-30	Usernames	751700
2011-06-02	Dates of birth	37103
2011-06-02	Email addresses	37103
2011-06-02	Genders	37103
2011-06-02	Names	37103
2011-06-02	Passwords	37103
2011-06-02	Phone numbers	37103
2011-06-02	Physical addresses	37103
2011-06-02	Usernames	37103
2015-07-16	Dates of birth	130705
2015-07-16	Email addresses	130705
2015-07-16	Genders	130705
2015-07-16	Geographic locations	130705
2015-07-16	Names	130705
2015-07-16	Passwords	130705
2015-07-16	Social connections	130705
2015-10-07	Dates of birth	30741620
2015-10-07	Email addresses	30741620
2015-10-07	Genders	30741620
2015-10-07	IP addresses	30741620
2015-10-07	Names	30741620
2015-10-07	Physical addresses	30741620
2014-02-22	Email addresses	55622
2014-02-22	Employers	55622
2014-02-22	Job titles	55622
2014-02-22	Names	55622
2014-02-22	Phone numbers	55622
2014-02-22	Physical addresses	55622
2018-08-16	Audio recordings	44109
2018-08-16	Browsing histories	44109
2018-08-16	Device information	44109
2018-08-16	Email addresses	44109
2018-08-16	Geographic locations	44109
2018-08-16	IMEI numbers	44109
2018-08-16	IP addresses	44109
2018-08-16	Names	44109
2018-08-16	Passwords	44109
2018-08-16	Photos	44109
2018-08-16	SMS messages	44109
2016-03-11	Credit cards	26815
2016-03-11	Email addresses	26815
2016-03-11	IP addresses	26815
2016-03-11	Passwords	26815
2016-03-11	Support tickets	26815
2016-03-11	Usernames	26815
2015-02-26	Customer interactions	139395
2015-02-26	Dates of birth	139395
2015-02-26	Email addresses	139395
2015-02-26	Genders	139395
2015-02-26	IP addresses	139395
2015-02-26	MAC addresses	139395
2015-02-26	Names	139395
2015-02-26	Passport numbers	139395
2015-02-26	Passwords	139395
2015-02-26	Phone numbers	139395
2017-03-09	Dates of birth	1619544
2017-03-09	Email addresses	1619544
2017-03-09	Genders	1619544
2017-03-09	Names	1619544
2017-03-09	Passwords	1619544
2017-03-09	Phone numbers	1619544
2017-03-09	Physical addresses	1619544
2017-03-09	Spoken languages	1619544
2019-07-26	Email addresses	6840339
2019-07-26	Names	6840339
2019-07-26	Passwords	6840339
2019-07-26	Physical addresses	6840339
2019-07-26	Purchases	6840339
2019-07-26	Usernames	6840339
2015-08-07	Email addresses	1047200
2015-08-07	Names	1047200
2015-08-07	Passwords	1047200
2015-08-07	Usernames	1047200
2020-02-14	Email addresses	48580249
2020-02-14	Genders	48580249
2020-02-14	Names	48580249
2020-02-14	Phone numbers	48580249
2020-02-14	Physical addresses	48580249
2011-12-24	Credit cards	859777
2011-12-24	Email addresses	859777
2011-12-24	Names	859777
2011-12-24	Passwords	859777
2011-12-24	Phone numbers	859777
2011-12-24	Physical addresses	859777
2011-12-24	Usernames	859777
2016-06-28	Email addresses	988230
2016-06-28	Names	988230
2016-06-28	Passwords	988230
2016-06-28	Usernames	988230
2018-07-04	Email addresses	5187305
2018-07-04	Passwords	5187305
2018-07-04	Usernames	5187305
2016-11-01	Email addresses	6137666
2016-11-01	Passwords	6137666
2016-11-01	Usernames	6137666
2014-06-21	Email addresses	285191
2014-06-21	IP addresses	285191
2014-06-21	Passwords	285191
2014-06-21	Usernames	285191
2014-06-21	Website activity	285191
2021-02-25	Device information	20339937
2021-02-25	Device serial numbers	20339937
2021-02-25	Email addresses	20339937
2021-02-25	Geographic locations	20339937
2021-02-25	IMSI numbers	20339937
2021-02-25	Login histories	20339937
2015-04-01	Email addresses	254867
2015-04-01	Passwords	254867
2015-04-01	Usernames	254867
2019-11-24	Dates of birth	7327477
2019-11-24	Email addresses	7327477
2019-11-24	Genders	7327477
2019-11-24	Geographic locations	7327477
2019-11-24	Names	7327477
2019-11-24	Passwords	7327477
2019-11-24	Phone numbers	7327477
2019-11-24	Usernames	7327477
2020-02-28	Dates of birth	494945
2020-02-28	Email addresses	494945
2020-02-28	Genders	494945
2020-02-28	Geographic locations	494945
2020-02-28	IP addresses	494945
2020-02-28	Names	494945
2020-02-28	Passwords	494945
2017-08-01	Email addresses	27971100
2017-08-01	Passwords	27971100
2017-08-01	Usernames	27971100
2014-12-22	Email addresses	442166
2014-12-22	IP addresses	442166
2014-12-22	Passwords	442166
2014-12-22	Usernames	442166
2018-11-30	Chat logs	265410
2018-11-30	Email addresses	265410
2018-11-30	IP addresses	265410
2018-11-30	Passwords	265410
2018-11-30	Private messages	265410
2018-11-30	Time zones	265410
2020-04-01	Email addresses	8234193
2020-04-01	Geographic locations	8234193
2020-04-01	Names	8234193
2020-04-01	Social media profiles	8234193
2015-04-27	Email addresses	107776
2015-04-27	Email messages	107776
2016-05-28	Avatars	97151
2016-05-28	Email addresses	97151
2016-05-28	IP addresses	97151
2016-05-28	Passwords	97151
2016-05-28	Payment histories	97151
2016-05-28	Private messages	97151
2016-05-28	Usernames	97151
2016-05-28	Website activity	97151
2014-02-12	Email addresses	2239
2014-02-12	Passwords	2239
2014-02-12	Reward program balances	2239
2017-09-01	Email addresses	10371766
2017-09-01	Passwords	10371766
2017-09-01	Usernames	10371766
2015-09-03	Dates of birth	178201
2015-09-03	Email addresses	178201
2015-09-03	Geographic locations	178201
2015-09-03	IP addresses	178201
2015-09-03	Passwords	178201
2015-09-03	Usernames	178201
2015-09-03	Website activity	178201
2017-12-31	Age groups	84011
2017-12-31	Credit cards	84011
2017-12-31	Email addresses	84011
2017-12-31	Genders	84011
2017-12-31	Names	84011
2017-12-31	Passwords	84011
2017-12-31	Phone numbers	84011
2017-12-31	Physical addresses	84011
2017-12-31	Purchases	84011
2017-12-31	Usernames	84011
2019-09-27	Email addresses	82060
2019-09-27	IP addresses	82060
2019-09-27	Names	10653
2019-09-27	Phone numbers	10653
2019-09-27	Physical addresses	10653
2019-09-27	Purchases	10653
2019-09-27	Dates of birth	71407
2019-09-27	Passwords	71407
2019-09-27	Usernames	71407
2017-11-21	Email addresses	181871
2017-11-21	Passwords	181871
2017-11-21	Usernames	181871
2011-12-26	Email addresses	29020808
2011-12-26	Names	29020808
2011-12-26	Usernames	29020808
2021-02-22	Bank account numbers	1921722
2021-02-22	Dates of birth	1921722
2021-02-22	Email addresses	1921722
2021-02-22	Genders	1921722
2021-02-22	IP addresses	1921722
2021-02-22	Names	1921722
2021-02-22	Payment histories	1921722
2021-02-22	Phone numbers	1921722
2021-02-22	Physical addresses	1921722
2018-05-31	Email addresses	26151608
2018-05-31	Names	26151608
2018-05-31	Phone numbers	26151608
2018-05-31	Physical addresses	26151608
2020-04-17	Dates of birth	71443698
2020-04-17	Email addresses	71443698
2020-04-17	Genders	71443698
2020-04-17	Names	71443698
2020-04-17	Passwords	71443698
2019-08-21	Email addresses	6002694
2019-08-21	Genders	6002694
2019-08-21	Geographic locations	6002694
2019-08-21	IP addresses	6002694
2019-08-21	Passwords	6002694
2019-08-21	Usernames	6002694
2013-12-12	Dates of birth	352120
2013-12-12	Email addresses	352120
2013-12-12	IP addresses	352120
2013-12-12	Passwords	352120
2013-12-12	Usernames	352120
2013-12-12	Website activity	352120
2014-09-11	Bios	652683
2014-09-11	Email addresses	652683
2014-09-11	Geographic locations	652683
2014-09-11	IP addresses	652683
2014-09-11	Names	652683
2014-09-11	Passwords	652683
2014-09-11	Usernames	652683
2020-12-17	Age groups	637279
2020-12-17	Dates of birth	637279
2020-12-17	Email addresses	637279
2020-12-17	Genders	637279
2020-12-17	Names	637279
2020-12-17	Physical addresses	637279
2018-06-12	Email addresses	43432346
2015-12-27	Dates of birth	3827238
2015-12-27	Email addresses	3827238
2015-12-27	IP addresses	3827238
2015-12-27	Names	3827238
2015-12-27	Passwords	3827238
2015-12-27	Usernames	3827238
2016-02-25	Email addresses	83957
2016-02-25	Passwords	83957
2016-02-25	Usernames	83957
2020-02-21	Account balances	599667
2020-02-21	Dates of birth	599667
2020-02-21	Email addresses	599667
2020-02-21	Names	599667
2020-02-21	Passwords	599667
2020-02-21	Phone numbers	599667
2020-02-21	Physical addresses	599667
2020-02-21	Usernames	599667
2013-02-28	Email addresses	65469298
2013-02-28	Passwords	65469298
2014-02-20	Email addresses	3200
2014-02-20	Names	3200
2014-02-20	Passwords	3200
2014-02-20	Usernames	3200
2017-04-25	Email addresses	428779
2017-04-25	IP addresses	428779
2017-04-25	Passwords	428779
2017-04-25	Usernames	428779
2019-11-01	Email addresses	564962
2019-11-01	Passwords	564962
2020-12-24	Dates of birth	547422
2020-12-24	Education levels	547422
2020-12-24	Email addresses	547422
2020-12-24	Ethnicities	547422
2020-12-24	Genders	547422
2020-12-24	Job titles	547422
2020-12-24	Names	547422
2020-12-24	Phone numbers	547422
2020-12-24	Physical addresses	547422
2020-12-24	Social security numbers	547422
2021-01-26	Bank account numbers	11498146
2021-01-26	Credit status information	11498146
2021-01-26	Dates of birth	11498146
2021-01-26	Email addresses	11498146
2021-01-26	Employers	11498146
2021-01-26	Health insurance information	11498146
2021-01-26	Income levels	11498146
2021-01-26	IP addresses	11498146
2021-01-26	Names	11498146
2021-01-26	Personal health data	11498146
2021-01-26	Phone numbers	11498146
2021-01-26	Physical addresses	11498146
2021-01-26	Smoking habits	11498146
2021-01-26	Social security numbers	11498146
2020-07-17	Email addresses	235233
2020-07-17	Genders	235233
2020-07-17	IP addresses	235233
2020-07-17	Passwords	235233
2020-07-17	Usernames	235233
2016-01-14	Email addresses	395044
2016-01-14	Passwords	395044
2016-01-14	Usernames	395044
2019-03-31	Email addresses	30433
2019-03-31	Names	30433
2019-03-31	Personal health data	30433
2019-03-31	Social security numbers	30433
2015-11-03	Dates of birth	518966
2015-11-03	Email addresses	518966
2015-11-03	Homepage URLs	518966
2015-11-03	Instant messenger identities	518966
2015-11-03	IP addresses	518966
2015-11-03	Passwords	518966
2015-11-03	Security questions and answers	518966
2015-11-03	Spoken languages	518966
2015-11-03	Website activity	518966
2019-07-08	Browser user agent details	686899
2019-07-08	Email addresses	686899
2019-07-08	Genders	686899
2019-07-08	IP addresses	686899
2019-07-08	Names	686899
2019-07-08	Passwords	686899
2019-07-08	Phone numbers	686899
2019-07-08	Spoken languages	686899
2019-07-08	Time zones	686899
2019-07-08	Website activity	686899
2019-02-25	Dates of birth	763117241
2019-02-25	Email addresses	763117241
2019-02-25	Employers	763117241
2019-02-25	Genders	763117241
2019-02-25	Geographic locations	763117241
2019-02-25	IP addresses	763117241
2019-02-25	Job titles	763117241
2019-02-25	Names	763117241
2019-02-25	Phone numbers	763117241
2019-02-25	Physical addresses	763117241
2014-01-10	Email addresses	16919
2014-01-10	Historical passwords	16919
2014-01-10	IP addresses	16919
2014-01-10	Passwords	16919
2014-01-10	Private messages	16919
2014-01-10	Usernames	16919
2014-01-10	Website activity	16919
2020-04-08	Email addresses	94353
2020-04-08	Names	94353
2020-04-08	Phone numbers	94353
2020-04-08	Physical addresses	94353
2018-05-07	Email addresses	777649
2018-05-07	Government issued IDs	777649
2018-05-07	Names	777649
2018-05-07	Passwords	777649
2018-05-07	Phone numbers	777649
2015-05-19	Dates of birth	24853850
2015-05-19	Email addresses	24853850
2015-05-19	Genders	24853850
2015-05-19	IP addresses	24853850
2015-05-19	Marital statuses	24853850
2015-05-19	Names	24853850
2015-05-19	Occupations	24853850
2015-05-19	Passwords	24853850
2015-05-19	Phone numbers	24853850
2015-05-19	Physical addresses	24853850
2015-05-19	Usernames	24853850
2013-11-30	Credit cards	56021
2013-11-30	Email addresses	56021
2013-11-30	Government issued IDs	56021
2013-11-30	IP addresses	56021
2013-11-30	Names	56021
2013-11-30	Passwords	56021
2013-11-30	Phone numbers	56021
2013-11-30	Physical addresses	56021
2013-11-30	Purchases	56021
2013-11-30	SMS messages	56021
2013-11-30	Usernames	56021
2015-11-13	Dates of birth	4833678
2015-11-13	Email addresses	4833678
2015-11-13	Family members' names	4833678
2015-11-13	Genders	4833678
2015-11-13	IP addresses	4833678
2015-11-13	Names	4833678
2015-11-13	Passwords	4833678
2015-11-13	Physical addresses	4833678
2015-11-13	Security questions and answers	4833678
2015-11-13	Usernames	4833678
2015-11-13	Website activity	4833678
2016-02-13	Email addresses	2013164
2016-02-13	IP addresses	2013164
2016-02-13	Names	2013164
2016-02-13	Phone numbers	2013164
2016-02-13	Physical addresses	2013164
2012-07-04	Email addresses	1020136
2012-07-04	Passwords	1020136
2012-07-04	Usernames	1020136
2012-07-04	Website activity	1020136
2014-11-24	Email addresses	819478
2014-11-24	Usernames	819478
2014-11-24	Website activity	819478
2013-11-03	Email addresses	8600635
2013-11-03	Passwords	8600635
2013-11-03	Usernames	8600635
2021-01-06	Email addresses	1306723
2021-01-06	Genders	1306723
2021-01-06	Names	1306723
2021-01-06	Passwords	1306723
2021-01-06	Phone numbers	1306723
2021-01-06	Physical addresses	1306723
2016-06-27	Email addresses	11657763
2016-06-27	Names	11657763
2016-06-27	Passwords	11657763
2012-05-21	Email addresses	134047
2012-05-21	Email messages	134047
2012-05-21	Employers	134047
2012-05-21	IP addresses	134047
2012-05-21	Names	134047
2012-05-21	Partial credit card data	134047
2012-05-21	Passwords	134047
2012-05-21	Payment histories	134047
2012-05-21	Physical addresses	134047
2012-05-21	Website activity	134047
2019-06-10	Dates of birth	224119
2019-06-10	Email addresses	224119
2019-06-10	Names	224119
2019-06-10	Phone numbers	224119
2019-06-10	Physical addresses	224119
2018-10-07	Email addresses	1274051
2018-10-07	IP addresses	1274051
2018-10-07	Names	1274051
2018-10-07	Passwords	1274051
2018-10-07	Usernames	1274051
2015-07-11	Dates of birth	738556
2015-07-11	Email addresses	738556
2015-07-11	IP addresses	738556
2015-07-11	Passwords	738556
2015-07-11	Usernames	738556
2013-09-03	Email addresses	202683
2013-09-03	Instant messenger identities	202683
2013-09-03	IP addresses	202683
2013-09-03	Names	202683
2013-09-03	Passwords	202683
2013-09-03	Private messages	202683
2013-09-03	Usernames	202683
2013-09-03	Website activity	202683
2016-08-07	Auth tokens	2247314
2016-08-07	Dates of birth	2247314
2016-08-07	Email addresses	2247314
2016-08-07	Genders	2247314
2016-08-07	Names	2247314
2016-08-07	Phone numbers	2247314
2016-08-07	Usernames	2247314
2020-01-27	Auth tokens	9705172
2020-01-27	Dates of birth	9705172
2020-01-27	Email addresses	9705172
2020-01-27	Genders	9705172
2020-01-27	Geographic locations	9705172
2020-01-27	IP addresses	9705172
2020-01-27	Names	9705172
2020-01-27	Passwords	9705172
2020-01-27	Phone numbers	9705172
2020-01-27	Profile photos	9705172
2020-01-27	Social media profiles	9705172
2020-01-27	Usernames	9705172
2020-07-14	Dates of birth	2856769
2020-07-14	Email addresses	2856769
2020-07-14	IP addresses	2856769
2020-07-14	Names	2856769
2020-07-14	Passwords	2856769
2020-07-14	Phone numbers	2856769
2020-07-14	Physical addresses	2856769
2020-10-28	Dates of birth	3924454
2020-10-28	Email addresses	3924454
2020-10-28	Geographic locations	3924454
2020-10-28	IP addresses	3924454
2020-10-28	Names	3924454
2020-10-28	Passwords	3924454
2020-10-28	Phone numbers	3924454
2020-10-28	Social media profiles	3924454
2018-11-04	Email addresses	858
2018-11-04	Passwords	858
2014-01-04	Email addresses	148366
2014-01-04	Passwords	148366
2016-11-28	Email addresses	377377
2016-11-28	Passwords	377377
2016-11-28	Usernames	377377
2012-08-01	Email addresses	7088010
2012-08-01	IP addresses	7088010
2012-08-01	Passwords	7088010
2012-08-01	Usernames	7088010
2013-11-07	Email addresses	2983472
2013-11-07	Names	2983472
2013-11-07	Passwords	2983472
2013-11-07	Usernames	2983472
2012-07-11	Email addresses	453427
2012-07-11	Passwords	453427
2013-06-02	Dates of birth	13258797
2013-06-02	Email addresses	13258797
2013-06-02	Names	13258797
2013-06-02	Passwords	13258797
2013-06-02	Phone numbers	13258797
2013-06-02	Physical addresses	13258797
2013-06-02	Usernames	13258797
2014-09-07	Email addresses	1186564
2014-09-07	Passwords	1186564
2019-02-15	Email addresses	18241518
2019-02-15	IP addresses	18241518
2019-02-15	Names	18241518
2019-02-15	Social media profiles	18241518
2019-02-15	Usernames	18241518
2012-02-21	Email addresses	1327567
2012-02-21	Passwords	1327567
2018-10-05	Email addresses	66147869
2018-10-05	Employers	66147869
2018-10-05	Geographic locations	66147869
2018-10-05	Job titles	66147869
2018-10-05	Names	66147869
2018-10-05	Social media profiles	66147869
2017-05-17	Email addresses	16472873
2017-05-17	Passwords	16472873
2017-05-17	Usernames	16472873
2020-01-12	Dates of birth	23927853
2020-01-12	Drinking habits	23927853
2020-01-12	Education levels	23927853
2020-01-12	Email addresses	23927853
2020-01-12	Ethnicities	23927853
2020-01-12	Family structure	23927853
2020-01-12	Genders	23927853
2020-01-12	Geographic locations	23927853
2020-01-12	Income levels	23927853
2020-01-12	Names	23927853
2020-01-12	Nicknames	23927853
2020-01-12	Physical attributes	23927853
2020-01-12	Political views	23927853
2020-01-12	Relationship statuses	23927853
2020-01-12	Religions	23927853
2020-01-12	Sexual orientations	23927853
2020-01-12	Smoking habits	23927853
2015-05-11	Dates of birth	3474763
2015-05-11	Email addresses	3474763
2015-05-11	Genders	3474763
2015-05-11	Geographic locations	3474763
2015-05-11	IP addresses	3474763
2015-05-11	Passwords	3474763
2015-05-11	Spoken languages	3474763
